campaign_name,budget,type_budget,results,results_description,reach,impressions,clicks,cost_per_results,investment,end_day,end_week,end_month
4D3FC,250,Total,34,reach,34920,35204,80,0.0049,170.91,12.0,19.0,5.0
1E6CA,129,Total,3,post_engagement,7834,11864,590,0.04,126.81,22.0,20.0,5.0
3A2FD,200,Total,1,post_engagement,8800,15126,60,0.08,121.68,27.0,21.0,5.0
5C4EB,300,Total,10,lead,1549,1550,120,2.58,25.75,27.0,21.0,5.0
1D3BE,500,Total,1,post_engagement,9952,14556,85,0.11,166.41,30.0,26.0,6.0
6F5DC,500,Total,28,onsite_conversion,7172,10149,350,7.07,198.0,22.0,29.0,7.0
2A1CB,410,Daily,318,message,9391,1944,722,0.67,212.2747674,16.0,28.0,7.0
3B6ED,797,Total,1536,view,5071,10463,725,0.02,26.73,21.0,51.0,12.0
4E2FA,772,Total,7942,reach,3797,5981,549,0.03,256.48,8.0,36.0,9.0
3B6ED,546,Total,240,message,8933,14521,521,1.9,455.86,12.0,23.0,6.0
6F5DC,956,Daily,2157,view,7423,11497,455,0.05,115.86,25.0,30.0,7.0
JJ2392,976,Total,4560,view,3486,10824,811,0.05,231.61,21.0,42.0,10.0
6F5DC,605,Daily,4722,reach,5947,14968,443,0.05,259.17,15.0,28.0,7.0
1E6CA,422,Daily,552,like,5298,6769,420,0.76,418.89,17.0,33.0,8.0
JJ2392,581,Total,3267,view,3492,10426,842,0.05,176.87,12.0,2.0,1.0
4E2FA,440,Total,286,onsite_conversion,8181,6213,805,1.08,309.1,14.0,46.0,11.0
6F5DC,997,Total,357,like,7963,9236,525,1.82,648.07,20.0,46.0,11.0
3A2FD,726,Daily,524,like,5809,13715,416,0.51,266.3,15.0,37.0,9.0
2B5ED,891,Daily,3229,view,9166,3578,536,0.1,320.57,9.0,49.0,12.0
1E6CA,987,Total,104,message,5517,13517,692,8.2,852.9,19.0,46.0,11.0
2B5ED,987,Total,7356,view,9604,8284,910,0.1,759.47,9.0,27.0,7.0
4E2FA,561,Daily,285,post_engagement,9192,8663,541,1.93,551.0,7.0,1.0,1.0
JJ2392,480,Daily,83,onsite_conversion,8446,4516,652,5.26,436.31,21.0,33.0,8.0
1D3BE,487,Total,300,like,4450,11687,844,0.59,177.72,24.0,34.0,8.0
2B5ED,949,Total,305,message,5542,14966,470,2.01,611.6,20.0,46.0,11.0
3A2FD,633,Daily,456,like,6874,4982,697,1.14,517.63,28.0,52.0,12.0
3A2FD,968,Daily,364,post_engagement,1315,12837,828,2.47,898.92,13.0,32.0,8.0
5C4EB,844,Daily,6787,reach,1655,5180,475,0.07,455.67,8.0,1.0,1.0
2B5ED,953,Daily,410,post_engagement,359,12742,993,0.86,353.75,11.0,28.0,7.0
1D3BE,661,Daily,353,message,6179,11737,742,0.42,147.96,20.0,29.0,7.0
6F5DC,675,Daily,179,like,3421,8139,776,0.26,47.41,14.0,46.0,11.0
1E6CA,831,Total,78,onsite_conversion,7993,5661,540,4.87,379.76,14.0,46.0,11.0
4E2FA,582,Daily,2081,reach,1455,5398,715,0.23,477.13,14.0,46.0,11.0
4D3FC,768,Daily,577,like,7146,1755,855,0.44,251.31,27.0,34.0,8.0
1E6CA,949,Daily,150,message,6270,11583,659,1.35,202.38,15.0,46.0,11.0
4D3FC,567,Daily,2001,view,7672,11223,412,0.17,346.74,21.0,42.0,10.0
1D3BE,976,Daily,3744,reach,8910,12403,528,0.24,889.6,21.0,33.0,8.0
1D3BE,716,Total,1773,view,1925,8743,878,0.37,654.89,11.0,28.0,7.0
JJ2392,772,Daily,234,post_engagement,1993,5361,895,0.44,102.65,19.0,46.0,11.0
3B6ED,679,Total,446,post_engagement,4395,11095,980,1.25,557.82,16.0,37.0,9.0
3A2FD,428,Daily,3797,reach,559,7651,520,0.09,328.23,8.0,6.0,2.0
JJ2392,505,Daily,411,message,1589,13142,791,0.85,347.76,14.0,37.0,9.0
2B5ED,850,Total,340,post_engagement,8167,7969,828,0.03,10.62,27.0,30.0,7.0
2B5ED,632,Daily,8405,reach,9078,8095,972,0.04,302.16,11.0,32.0,8.0
3A2FD,496,Daily,5662,reach,2586,4321,921,0.0,16.29,22.0,51.0,12.0
1D3BE,687,Total,6453,view,7983,2854,535,0.09,583.04,9.0,6.0,2.0
1D3BE,912,Daily,3764,reach,7187,2468,678,0.07,259.13,20.0,46.0,11.0
1D3BE,437,Total,424,onsite_conversion,854,4020,447,0.07,29.56,30.0,30.0,7.0
4D3FC,413,Daily,298,post_engagement,6347,7072,478,0.38,114.05,8.0,27.0,7.0
6F5DC,706,Daily,124,message,4994,7252,448,3.8,470.85,20.0,33.0,8.0
3A2FD,549,Total,98,like,9587,14510,933,5.3,519.23,22.0,51.0,12.0
3A2FD,571,Total,263,post_engagement,2394,10204,904,1.74,457.48,12.0,10.0,3.0
4D3FC,807,Daily,278,post_engagement,8104,8304,493,0.94,261.66,29.0,52.0,12.0
1D3BE,912,Daily,542,like,9016,12514,447,0.17,91.0,25.0,51.0,12.0
2A1CB,603,Daily,480,post_engagement,2129,6656,528,0.08,39.58,11.0,28.0,7.0
4D3FC,581,Total,474,like,6654,8098,768,0.32,152.21,26.0,34.0,8.0
6F5DC,550,Daily,398,onsite_conversion,7974,4648,422,1.14,454.32,20.0,29.0,7.0
4D3FC,513,Daily,4910,view,2024,14383,504,0.05,258.78,7.0,40.0,10.0
2B5ED,697,Total,435,message,2842,14550,511,1.06,461.67,10.0,27.0,7.0
JJ2392,598,Daily,422,message,590,13987,995,0.3,127.55,20.0,51.0,12.0
6F5DC,760,Total,214,post_engagement,1664,3816,461,0.39,83.56,14.0,28.0,7.0
6F5DC,581,Daily,237,message,4463,11247,818,0.53,124.87,24.0,38.0,9.0
5C4EB,606,Daily,6795,reach,4658,7250,470,0.05,319.45,20.0,42.0,10.0
3B6ED,473,Daily,479,message,9781,12313,542,0.1,45.67,17.0,50.0,12.0
1D3BE,790,Total,53,onsite_conversion,1902,4867,458,9.28,491.73,7.0,36.0,9.0
1D3BE,505,Daily,114,onsite_conversion,5207,11735,510,0.32,36.44,31.0,52.0,12.0
JJ2392,496,Daily,438,like,9190,7543,657,0.95,417.11,8.0,14.0,4.0
2A1CB,887,Daily,167,like,5360,12044,443,1.56,260.46,8.0,32.0,8.0
5C4EB,827,Total,3319,view,5028,7358,715,0.21,699.65,8.0,1.0,1.0
2B5ED,851,Daily,2819,reach,1690,6044,495,0.0,0.06,17.0,46.0,11.0
6F5DC,780,Daily,3761,reach,8817,8222,864,0.13,493.01,29.0,48.0,11.0
1D3BE,576,Daily,335,post_engagement,8021,14108,456,1.59,534.16,11.0,2.0,1.0
2B5ED,916,Daily,587,like,7826,7274,870,0.96,563.37,15.0,37.0,9.0
2B5ED,538,Daily,199,like,5108,4208,586,1.01,200.81,16.0,50.0,12.0
6F5DC,640,Total,497,onsite_conversion,5171,14853,569,0.28,139.47,14.0,41.0,10.0
6F5DC,551,Daily,84,message,873,10088,598,5.45,457.76,9.0,27.0,7.0
5C4EB,599,Total,2402,view,6872,7479,723,0.04,105.05,11.0,23.0,6.0
4E2FA,690,Daily,216,post_engagement,8473,2296,514,0.74,159.14,28.0,48.0,11.0
1D3BE,782,Daily,203,onsite_conversion,4907,2160,944,3.01,610.06,30.0,48.0,11.0
3A2FD,835,Total,255,post_engagement,6877,7686,906,1.08,274.27,27.0,47.0,11.0
6F5DC,959,Daily,218,message,1403,10843,405,0.73,159.42,25.0,47.0,11.0
6F5DC,566,Total,76,onsite_conversion,5331,3693,957,2.65,201.56,21.0,33.0,8.0
3A2FD,672,Daily,403,onsite_conversion,3263,12154,430,0.22,89.05,18.0,33.0,8.0
JJ2392,882,Daily,297,post_engagement,6335,9856,896,1.91,566.09,16.0,37.0,9.0
2B5ED,773,Total,182,onsite_conversion,4490,4512,662,4.0,728.3,17.0,28.0,7.0
1D3BE,719,Total,1844,view,5829,11647,631,0.34,624.62,18.0,42.0,10.0
4D3FC,422,Daily,421,like,5007,8732,966,0.56,236.2,11.0,28.0,7.0
2A1CB,795,Total,4630,reach,8011,10530,604,0.01,44.59,7.0,6.0,2.0
4D3FC,943,Total,1482,reach,5643,3171,405,0.19,281.6,7.0,36.0,9.0
1D3BE,851,Total,270,like,819,4152,949,0.77,207.33,20.0,29.0,7.0
6F5DC,541,Total,249,message,2107,14423,549,0.71,176.98,7.0,27.0,7.0
6F5DC,755,Total,7536,view,9330,5483,828,0.05,352.94,9.0,14.0,4.0
1E6CA,993,Total,448,onsite_conversion,7923,13940,994,1.59,711.15,14.0,28.0,7.0
6F5DC,453,Daily,101,like,3474,5967,473,2.78,280.41,8.0,40.0,10.0
6F5DC,875,Total,224,post_engagement,3271,7030,669,0.36,81.58,9.0,10.0,3.0
JJ2392,524,Total,155,like,4483,8610,748,1.92,297.2,8.0,1.0,1.0
1E6CA,718,Daily,527,like,1098,4356,758,0.95,500.11,31.0,52.0,12.0
1D3BE,569,Daily,297,onsite_conversion,7965,12668,425,1.6,475.75,10.0,27.0,7.0
1D3BE,733,Total,412,message,9143,2837,661,1.76,726.51,8.0,18.0,5.0
JJ2392,488,Daily,416,onsite_conversion,428,3745,889,0.84,347.82,8.0,27.0,7.0
JJ2392,698,Total,482,post_engagement,9494,3722,649,0.91,438.33,26.0,39.0,9.0
1D3BE,888,Daily,266,message,5473,7610,841,3.02,803.81,20.0,51.0,12.0
5C4EB,842,Daily,502,like,840,13088,729,0.99,495.86,12.0,28.0,7.0
4E2FA,405,Total,410,message,1563,14597,875,0.48,197.26,24.0,38.0,9.0
1E6CA,796,Total,5828,view,664,9314,872,0.12,706.6,18.0,29.0,7.0
2B5ED,514,Total,270,post_engagement,9934,10993,772,0.94,254.21,31.0,44.0,10.0
6F5DC,850,Daily,488,message,4349,7324,437,0.5,243.49,23.0,47.0,11.0
6F5DC,559,Daily,3111,view,5299,14425,421,0.01,29.43,14.0,32.0,8.0
JJ2392,667,Total,5600,view,3418,9265,796,0.07,377.56,18.0,42.0,10.0
4D3FC,551,Total,2626,view,3223,9871,852,0.13,330.25,30.0,30.0,7.0
JJ2392,563,Total,7175,view,9876,3719,818,0.08,541.71,12.0,45.0,11.0
6F5DC,972,Total,436,like,5126,4785,909,1.49,651.74,13.0,37.0,9.0
2B5ED,448,Daily,131,like,3599,13159,930,0.96,125.68,22.0,42.0,10.0
6F5DC,809,Daily,335,like,9878,9032,930,1.84,616.07,18.0,50.0,12.0
1D3BE,905,Daily,529,onsite_conversion,3400,13823,587,1.44,763.02,11.0,6.0,2.0
5C4EB,953,Total,5531,reach,3141,14426,616,0.03,164.4,15.0,28.0,7.0
2B5ED,678,Total,354,post_engagement,3996,11583,816,0.07,24.33,11.0,19.0,5.0
1D3BE,874,Total,217,post_engagement,6472,5549,608,0.35,75.31,16.0,33.0,8.0
JJ2392,896,Total,9069,reach,3160,12210,630,0.06,573.53,8.0,18.0,5.0
JJ2392,543,Daily,158,message,1338,3296,623,2.58,407.88,10.0,27.0,7.0
5C4EB,883,Total,129,like,1291,10642,721,6.73,868.22,17.0,46.0,11.0
3A2FD,824,Daily,493,message,992,4038,875,1.38,680.9,11.0,10.0,3.0
JJ2392,719,Daily,2107,view,4767,3253,493,0.33,692.51,24.0,34.0,8.0
1D3BE,456,Daily,164,message,8834,14184,682,0.45,74.0,17.0,46.0,11.0
2A1CB,882,Total,512,like,3505,4601,969,0.4,205.12,7.0,31.0,8.0
2B5ED,863,Total,322,post_engagement,6771,13336,542,1.32,425.97,18.0,37.0,9.0
2B5ED,422,Daily,458,onsite_conversion,5941,9268,814,0.84,384.76,16.0,46.0,11.0
2B5ED,550,Total,87,onsite_conversion,3339,5024,505,2.04,177.82,15.0,28.0,7.0
6F5DC,453,Daily,435,post_engagement,1868,12520,618,0.6,262.73,8.0,14.0,4.0
6F5DC,913,Daily,452,post_engagement,1525,13709,539,0.59,266.84,8.0,49.0,12.0
JJ2392,784,Total,542,onsite_conversion,3814,14017,492,0.75,408.59,29.0,39.0,9.0
JJ2392,769,Total,362,message,4665,7229,550,0.71,257.35,12.0,19.0,5.0
3B6ED,830,Daily,6832,reach,1458,5909,492,0.02,105.66,14.0,32.0,8.0
5C4EB,870,Daily,487,post_engagement,7816,8622,836,0.31,150.31,31.0,30.0,7.0
2B5ED,930,Total,483,post_engagement,4411,9506,851,0.84,407.69,27.0,52.0,12.0
3A2FD,991,Total,236,message,5437,12637,975,0.63,149.63,24.0,38.0,9.0
JJ2392,822,Daily,9733,reach,3602,3602,487,0.02,238.51,31.0,35.0,8.0
3A2FD,878,Daily,2283,reach,8260,3711,882,0.37,835.79,9.0,45.0,11.0
4E2FA,868,Total,6553,reach,2001,1753,820,0.11,694.03,13.0,45.0,11.0
3B6ED,654,Total,8384,reach,3999,5676,814,0.04,318.03,30.0,52.0,12.0
1D3BE,434,Daily,2614,view,1792,11636,486,0.1,268.47,21.0,29.0,7.0
4D3FC,527,Total,361,message,2218,6225,767,1.11,399.79,7.0,27.0,7.0
4E2FA,521,Daily,473,onsite_conversion,1147,10114,714,0.87,409.57,27.0,30.0,7.0
1D3BE,400,Total,463,message,4683,7346,618,0.04,19.53,10.0,14.0,4.0
4D3FC,524,Total,534,onsite_conversion,7955,13606,815,0.18,97.96,17.0,50.0,12.0
2B5ED,443,Total,184,onsite_conversion,1721,6070,793,1.27,234.11,18.0,33.0,8.0
1D3BE,643,Daily,193,message,1170,2438,824,2.49,480.49,27.0,52.0,12.0
2B5ED,877,Daily,268,like,6973,3289,978,2.85,764.45,18.0,46.0,11.0
JJ2392,702,Total,547,onsite_conversion,5709,7523,651,0.06,34.43,24.0,34.0,8.0
2B5ED,726,Daily,3709,view,4414,5884,475,0.08,285.51,17.0,33.0,8.0
1E6CA,591,Daily,6890,reach,5760,6255,680,0.01,56.07,12.0,50.0,12.0
2B5ED,510,Daily,5123,reach,4610,14010,901,0.03,167.72,14.0,37.0,9.0
1E6CA,571,Total,191,onsite_conversion,7189,2808,918,1.2,228.43,7.0,45.0,11.0
6F5DC,590,Daily,6478,view,193,12703,457,0.05,347.79,19.0,51.0,12.0
2B5ED,705,Total,461,like,5069,14797,996,0.61,281.63,30.0,43.0,10.0
6F5DC,682,Daily,186,onsite_conversion,6847,8118,824,1.5,279.19,24.0,34.0,8.0
1D3BE,427,Total,279,like,664,3134,719,0.98,272.63,11.0,10.0,3.0
1E6CA,431,Total,1212,view,4401,14252,517,0.34,407.11,23.0,47.0,11.0
4D3FC,839,Daily,282,post_engagement,8905,7083,998,0.73,206.76,20.0,42.0,10.0
1E6CA,843,Total,2424,reach,7526,6035,927,0.33,807.96,31.0,35.0,8.0
2A1CB,617,Total,224,message,2716,10376,635,1.32,295.72,27.0,39.0,9.0
2A1CB,493,Total,164,message,3712,14776,940,0.27,44.63,14.0,41.0,10.0
JJ2392,750,Total,315,post_engagement,3262,6872,901,1.07,335.64,22.0,34.0,8.0
1D3BE,841,Total,444,post_engagement,155,6612,850,1.69,748.4,17.0,28.0,7.0
2A1CB,778,Daily,211,like,7903,5485,750,2.34,493.35,10.0,19.0,5.0
4E2FA,899,Total,358,message,6463,9503,764,0.76,271.06,12.0,37.0,9.0
2A1CB,431,Daily,8551,reach,189,6661,888,0.01,62.61,13.0,41.0,10.0
6F5DC,525,Total,1737,reach,4206,6387,784,0.25,432.14,31.0,52.0,12.0
2B5ED,436,Total,549,onsite_conversion,3964,4108,667,0.27,150.05,17.0,46.0,11.0
JJ2392,639,Daily,31,onsite_conversion,8309,8430,729,5.26,163.2,10.0,27.0,7.0
5C4EB,809,Total,5534,view,4126,9462,653,0.03,158.91,11.0,10.0,3.0
1D3BE,917,Daily,1342,view,5810,7960,902,0.14,187.98,11.0,49.0,12.0
1D3BE,469,Total,2622,reach,5861,13814,628,0.04,107.27,29.0,52.0,12.0
2B5ED,593,Total,574,onsite_conversion,2726,1532,959,0.08,46.64,14.0,41.0,10.0
2A1CB,817,Daily,569,onsite_conversion,3856,2441,698,1.4,796.76,31.0,30.0,7.0
1D3BE,697,Daily,597,like,2038,1924,981,0.86,515.49,9.0,40.0,10.0
6F5DC,553,Total,487,like,9491,7741,454,0.56,274.03,19.0,46.0,11.0
4D3FC,561,Daily,377,onsite_conversion,5901,6793,912,1.12,420.87,17.0,46.0,11.0
1D3BE,779,Daily,458,post_engagement,7915,6018,536,0.68,310.8,29.0,43.0,10.0
1E6CA,700,Total,519,like,1765,10308,453,1.17,607.36,27.0,47.0,11.0
1D3BE,956,Total,294,message,4704,12529,448,1.78,523.17,21.0,51.0,12.0
5C4EB,862,Daily,84,onsite_conversion,1148,6600,559,3.2,268.49,17.0,50.0,12.0
6F5DC,981,Daily,1198,view,9619,8828,972,0.45,534.94,24.0,47.0,11.0
1E6CA,446,Total,580,onsite_conversion,6394,7120,574,0.09,50.29,12.0,45.0,11.0
2B5ED,837,Daily,98,like,4275,5274,458,3.55,347.6,12.0,2.0,1.0
2B5ED,852,Daily,2250,view,6557,7064,789,0.14,305.21,12.0,15.0,4.0
5C4EB,859,Daily,43,onsite_conversion,1454,6977,700,14.07,604.88,11.0,15.0,4.0
5C4EB,934,Total,250,onsite_conversion,7163,3854,556,1.28,320.02,30.0,52.0,12.0
6F5DC,422,Total,1807,reach,5159,10278,595,0.06,106.82,9.0,32.0,8.0
1E6CA,573,Daily,281,message,2335,1659,482,1.99,558.65,17.0,46.0,11.0
JJ2392,743,Total,497,onsite_conversion,5200,3235,748,0.13,65.37,20.0,29.0,7.0
JJ2392,998,Total,9493,reach,1240,9138,420,0.04,381.19,30.0,35.0,8.0
5C4EB,835,Total,193,like,9557,2734,859,1.42,274.94,11.0,32.0,8.0
JJ2392,620,Total,297,post_engagement,3479,13360,731,1.28,379.73,19.0,46.0,11.0
5C4EB,837,Total,369,post_engagement,9005,11361,643,1.61,593.11,11.0,2.0,1.0
1D3BE,999,Total,7837,view,5689,7728,400,0.12,955.73,23.0,47.0,11.0
2B5ED,532,Daily,1987,reach,3054,14452,530,0.15,305.74,23.0,47.0,11.0
2B5ED,676,Total,338,message,246,7972,489,0.81,275.24,31.0,52.0,12.0
JJ2392,812,Total,479,like,2795,1906,579,0.21,100.09,31.0,35.0,8.0
3B6ED,551,Daily,416,like,7123,2070,642,0.86,358.29,20.0,46.0,11.0
2A1CB,941,Daily,9634,reach,6302,10090,797,0.07,714.94,17.0,28.0,7.0
1D3BE,924,Total,4407,view,1588,3353,973,0.02,86.24,7.0,6.0,2.0
6F5DC,525,Total,166,like,8597,7366,699,2.69,445.76,23.0,47.0,11.0
1E6CA,980,Daily,298,message,2416,5896,828,1.34,400.22,8.0,27.0,7.0
1D3BE,788,Total,5919,view,5404,9294,790,0.11,632.4,29.0,30.0,7.0
6F5DC,781,Total,6123,view,5124,11500,518,0.12,757.48,21.0,51.0,12.0
5C4EB,461,Total,4531,view,3646,7174,851,0.03,116.03,25.0,38.0,9.0
4D3FC,812,Daily,4593,reach,162,11055,836,0.03,115.32,13.0,28.0,7.0
3A2FD,676,Daily,215,post_engagement,1339,6454,707,1.71,367.18,7.0,40.0,10.0
2B5ED,867,Total,225,message,5305,13625,841,1.34,301.65,14.0,46.0,11.0
1E6CA,795,Total,3973,reach,815,5032,751,0.12,496.27,14.0,37.0,9.0
JJ2392,677,Daily,238,post_engagement,3933,1753,830,0.42,99.4,7.0,23.0,6.0
1D3BE,573,Daily,203,post_engagement,6564,9202,895,1.58,320.21,26.0,34.0,8.0
4E2FA,623,Total,285,onsite_conversion,359,11420,604,1.16,329.33,11.0,2.0,1.0
2A1CB,475,Total,229,post_engagement,5814,3154,607,2.05,470.1,28.0,52.0,12.0
5C4EB,712,Daily,139,onsite_conversion,2871,10338,826,1.96,272.5,20.0,38.0,9.0
JJ2392,676,Total,124,message,2761,9079,752,1.3,161.2,13.0,28.0,7.0
2B5ED,777,Daily,167,like,2244,9026,623,2.97,496.04,28.0,48.0,11.0
2B5ED,612,Daily,7902,view,4717,2957,488,0.07,541.33,8.0,14.0,4.0
2B5ED,876,Total,392,post_engagement,1164,9400,865,0.31,121.56,30.0,35.0,8.0
2B5ED,840,Total,389,message,4161,5629,980,0.84,326.78,10.0,23.0,6.0
2B5ED,809,Daily,354,post_engagement,4883,5505,800,1.33,472.04,15.0,37.0,9.0
JJ2392,513,Daily,172,onsite_conversion,4280,4815,976,0.03,5.37,20.0,51.0,12.0
2B5ED,450,Daily,8184,reach,6664,7236,572,0.01,110.63,25.0,34.0,8.0
4E2FA,762,Total,218,message,410,5503,603,0.36,78.08,23.0,34.0,8.0
4E2FA,662,Total,7149,reach,1792,14726,671,0.09,646.3,29.0,30.0,7.0
2A1CB,619,Daily,7200,reach,5479,10400,918,0.02,109.85,31.0,35.0,8.0
3B6ED,955,Total,414,message,7044,5493,535,1.83,758.24,30.0,39.0,9.0
JJ2392,583,Daily,335,post_engagement,8292,7416,747,0.83,278.15,29.0,39.0,9.0
1D3BE,402,Total,6455,reach,9243,7970,829,0.01,53.71,28.0,48.0,11.0
1D3BE,626,Total,360,message,4311,6674,668,0.7,252.8,24.0,34.0,8.0
6F5DC,671,Total,344,post_engagement,2224,13829,964,0.51,175.34,22.0,47.0,11.0
3B6ED,1000,Daily,274,message,185,11112,497,0.21,57.65,10.0,36.0,9.0
3B6ED,857,Daily,148,message,1919,7482,834,0.87,128.26,15.0,46.0,11.0
2A1CB,561,Total,1328,view,9618,6491,960,0.16,217.43,10.0,36.0,9.0
3A2FD,838,Daily,403,message,5677,3950,565,0.14,56.87,19.0,29.0,7.0
5C4EB,802,Total,2822,reach,9809,13229,863,0.15,428.87,22.0,47.0,11.0
2A1CB,464,Total,176,onsite_conversion,1500,9768,587,1.6,281.42,12.0,41.0,10.0
3B6ED,614,Daily,87,like,2175,4786,579,5.77,502.32,13.0,37.0,9.0
6F5DC,985,Total,43,onsite_conversion,358,9572,774,19.01,817.62,20.0,33.0,8.0
6F5DC,809,Daily,7802,view,5032,4713,683,0.03,265.37,24.0,43.0,10.0
2B5ED,557,Daily,236,message,7545,11057,532,1.65,390.17,25.0,38.0,9.0
4D3FC,814,Total,2181,view,9652,5139,535,0.06,129.21,22.0,42.0,10.0
1D3BE,470,Total,496,message,8734,14126,504,0.01,5.37,21.0,33.0,8.0
JJ2392,559,Total,240,post_engagement,4756,14662,668,0.39,92.59,10.0,41.0,10.0
6F5DC,583,Daily,2723,view,4572,10702,930,0.09,253.61,12.0,37.0,9.0
6F5DC,619,Daily,115,message,8583,12564,439,3.22,369.8,15.0,33.0,8.0
1D3BE,971,Daily,341,post_engagement,7636,14920,830,0.68,232.09,13.0,50.0,12.0
2A1CB,939,Total,527,onsite_conversion,6217,11163,717,1.19,628.49,27.0,34.0,8.0
3B6ED,861,Total,190,onsite_conversion,8463,7069,466,0.27,50.71,7.0,18.0,5.0
1D3BE,401,Daily,7582,reach,9060,6097,675,0.04,335.75,23.0,29.0,7.0
1D3BE,925,Daily,4710,view,1439,10983,598,0.06,266.14,26.0,52.0,12.0
4D3FC,560,Daily,2837,reach,6141,10457,656,0.05,142.92,11.0,28.0,7.0
6F5DC,824,Daily,6771,reach,9482,13069,744,0.01,93.31,15.0,37.0,9.0
4E2FA,557,Daily,443,like,4603,7807,652,0.35,154.74,11.0,2.0,1.0
1D3BE,958,Total,294,message,2802,7896,776,2.02,595.3,12.0,23.0,6.0
2B5ED,661,Total,1071,view,1488,9365,809,0.23,243.8,18.0,33.0,8.0
3B6ED,503,Daily,351,message,5497,4968,543,0.42,146.66,22.0,42.0,10.0
4D3FC,866,Daily,407,like,3482,7541,947,1.97,800.47,9.0,6.0,2.0
4D3FC,611,Daily,363,like,8547,8656,779,0.71,259.3,7.0,36.0,9.0
2B5ED,946,Total,179,message,6417,2126,876,0.99,177.08,28.0,30.0,7.0
5C4EB,628,Total,497,message,8304,4959,875,1.03,511.27,11.0,49.0,12.0
2B5ED,893,Daily,9081,reach,9374,8247,979,0.01,49.32,11.0,45.0,11.0
4E2FA,622,Total,6956,reach,2024,12954,958,0.02,159.58,14.0,46.0,11.0
1E6CA,706,Total,1870,reach,9674,8946,970,0.17,311.33,14.0,28.0,7.0
6F5DC,809,Total,594,like,7742,10648,759,0.23,138.56,20.0,38.0,9.0
3B6ED,867,Total,275,message,4662,2364,647,0.87,238.74,22.0,38.0,9.0
1D3BE,611,Total,325,onsite_conversion,8231,8148,676,1.55,502.28,7.0,45.0,11.0
1E6CA,628,Daily,421,message,5036,12179,403,1.4,588.49,13.0,45.0,11.0
5C4EB,794,Total,480,post_engagement,6331,5181,969,1.49,714.72,10.0,2.0,1.0
1E6CA,844,Total,310,post_engagement,5795,3752,484,0.24,74.98,23.0,29.0,7.0
3A2FD,798,Daily,364,post_engagement,6487,6310,536,1.87,681.6,9.0,6.0,2.0
6F5DC,992,Total,5734,view,4269,7681,478,0.12,688.64,7.0,6.0,2.0
JJ2392,552,Daily,334,message,5405,14651,486,0.87,289.49,8.0,1.0,1.0
4D3FC,795,Daily,2295,view,8018,5294,751,0.19,425.73,8.0,27.0,7.0
2B5ED,903,Daily,179,onsite_conversion,8422,11825,533,3.97,711.36,9.0,36.0,9.0
4D3FC,777,Daily,6679,view,102,7513,766,0.04,267.21,27.0,52.0,12.0
1D3BE,969,Daily,124,onsite_conversion,4369,2179,718,7.11,881.42,7.0,31.0,8.0
2B5ED,429,Daily,7937,reach,7497,3212,921,0.04,322.98,9.0,10.0,3.0
6F5DC,838,Total,559,like,4557,14341,450,1.07,600.62,27.0,30.0,7.0
1D3BE,968,Total,235,onsite_conversion,7829,4200,913,2.45,575.99,7.0,27.0,7.0
3A2FD,546,Total,5218,view,4453,2729,811,0.01,34.93,15.0,33.0,8.0
1D3BE,755,Daily,511,like,5201,12781,753,0.81,414.32,16.0,33.0,8.0
2B5ED,585,Total,7178,view,8569,3700,611,0.01,66.24,12.0,28.0,7.0
2A1CB,851,Daily,6226,reach,4016,5401,730,0.02,94.14,24.0,51.0,12.0
2B5ED,882,Total,519,onsite_conversion,3956,14168,885,1.44,749.94,11.0,19.0,5.0
1E6CA,950,Daily,213,post_engagement,8302,12019,859,0.89,190.22,11.0,6.0,2.0
2B5ED,830,Total,229,like,5194,1986,814,3.36,768.67,18.0,50.0,12.0
6F5DC,926,Total,413,onsite_conversion,7340,14333,548,0.24,97.46,7.0,40.0,10.0
4E2FA,744,Daily,472,post_engagement,3845,8459,890,0.26,122.21,27.0,47.0,11.0
6F5DC,711,Total,225,post_engagement,6887,3513,911,2.31,518.67,8.0,14.0,4.0
2B5ED,987,Total,222,message,7907,13915,471,4.3,954.76,11.0,36.0,9.0
2B5ED,920,Total,1281,reach,6903,8383,653,0.24,307.56,13.0,50.0,12.0
3B6ED,449,Daily,412,message,1666,1597,865,0.96,396.2,10.0,6.0,2.0
6F5DC,400,Total,297,post_engagement,3426,2425,441,1.15,340.57,11.0,19.0,5.0
3A2FD,697,Daily,3065,view,2561,1990,498,0.22,659.99,19.0,46.0,11.0
2B5ED,996,Total,223,post_engagement,6662,2348,495,4.1,913.95,20.0,46.0,11.0
JJ2392,988,Total,99,message,6491,14924,440,2.85,282.02,27.0,43.0,10.0
4D3FC,856,Total,9956,reach,3875,9775,708,0.05,542.95,26.0,30.0,7.0
3B6ED,462,Daily,263,post_engagement,5971,11166,828,0.22,56.57,22.0,51.0,12.0
1D3BE,748,Total,156,like,2169,11754,528,2.96,461.16,14.0,46.0,11.0
4D3FC,684,Daily,306,like,528,14428,482,1.62,494.84,25.0,43.0,10.0
JJ2392,923,Total,3737,reach,6804,9923,771,0.17,619.84,15.0,33.0,8.0
JJ2392,985,Daily,1319,reach,1961,7676,780,0.22,288.5,13.0,45.0,11.0
JJ2392,687,Daily,4007,reach,9857,6204,462,0.13,526.4,21.0,33.0,8.0
2A1CB,475,Total,490,post_engagement,9062,1916,852,0.0,1.82,30.0,52.0,12.0
JJ2392,478,Daily,282,post_engagement,5032,9733,763,0.38,106.46,15.0,50.0,12.0
2A1CB,458,Total,388,onsite_conversion,2965,4720,638,0.93,359.11,11.0,10.0,3.0
4D3FC,696,Total,441,post_engagement,2909,6701,582,0.09,38.32,12.0,19.0,5.0
6F5DC,833,Total,391,post_engagement,9687,1572,667,0.76,296.68,15.0,50.0,12.0
3B6ED,485,Total,2437,reach,1308,6171,704,0.07,169.41,12.0,41.0,10.0
5C4EB,674,Total,282,post_engagement,2125,5837,677,0.36,101.04,13.0,41.0,10.0
3A2FD,781,Daily,559,like,8931,10311,607,1.03,575.71,7.0,36.0,9.0
1D3BE,791,Daily,2771,reach,7361,6438,535,0.24,676.87,7.0,18.0,5.0
1D3BE,540,Total,497,onsite_conversion,196,12045,849,0.59,293.41,19.0,46.0,11.0
3A2FD,604,Total,5950,reach,183,13539,888,0.07,403.11,7.0,49.0,12.0
JJ2392,713,Total,100,message,9501,3190,588,0.71,71.5,31.0,35.0,8.0
2B5ED,552,Daily,358,message,2480,13679,895,1.16,416.82,11.0,6.0,2.0
4E2FA,660,Total,2279,view,6916,13661,683,0.13,297.99,14.0,37.0,9.0
1D3BE,979,Daily,458,message,1623,3147,826,1.81,828.12,28.0,34.0,8.0
1E6CA,492,Total,259,message,3227,10415,550,0.42,109.19,29.0,43.0,10.0
5C4EB,815,Daily,181,message,4720,7332,739,0.21,38.41,24.0,38.0,9.0
3A2FD,658,Total,1164,view,1034,13289,405,0.3,351.19,23.0,29.0,7.0
2B5ED,779,Daily,341,onsite_conversion,2659,2549,870,0.44,148.78,30.0,30.0,7.0
4D3FC,510,Daily,87,message,4331,11217,944,2.01,174.99,14.0,37.0,9.0
6F5DC,810,Total,442,post_engagement,4903,2198,889,1.23,544.42,29.0,30.0,7.0
3B6ED,777,Daily,318,message,1256,11906,574,1.39,440.7,14.0,37.0,9.0
3A2FD,812,Daily,6154,view,2356,6419,490,0.04,259.71,20.0,38.0,9.0
4E2FA,658,Daily,306,message,3200,7790,852,1.35,413.75,17.0,42.0,10.0
1D3BE,606,Daily,254,onsite_conversion,9224,6612,552,0.72,184.04,28.0,39.0,9.0
1D3BE,749,Total,4937,view,6675,11060,477,0.06,287.44,7.0,18.0,5.0
3B6ED,985,Daily,7692,reach,6774,12770,414,0.08,589.58,23.0,47.0,11.0
6F5DC,589,Total,498,like,8431,11599,774,0.07,32.41,7.0,6.0,2.0
6F5DC,633,Total,351,onsite_conversion,8322,9681,710,1.14,401.17,17.0,33.0,8.0
4E2FA,577,Daily,373,message,1589,8567,685,0.26,98.16,10.0,19.0,5.0
6F5DC,686,Total,325,post_engagement,908,2827,701,0.02,7.72,7.0,18.0,5.0
1E6CA,933,Daily,418,like,3345,7077,749,1.11,465.22,7.0,36.0,9.0
3A2FD,884,Total,5687,reach,7886,5237,741,0.09,518.49,28.0,39.0,9.0
1E6CA,979,Daily,405,post_engagement,4386,2576,986,2.39,968.48,16.0,50.0,12.0
2B5ED,570,Daily,314,post_engagement,4574,13403,796,0.6,189.75,26.0,34.0,8.0
1E6CA,732,Daily,85,like,1171,8821,625,6.77,575.24,19.0,33.0,8.0
1D3BE,416,Total,6904,reach,417,10145,405,0.04,269.88,9.0,49.0,12.0
2B5ED,781,Daily,396,message,6076,9749,836,1.16,457.98,7.0,40.0,10.0
JJ2392,664,Daily,3465,view,4524,7013,563,0.11,393.49,9.0,45.0,11.0
JJ2392,694,Daily,168,onsite_conversion,1767,5810,584,0.54,90.88,10.0,49.0,12.0
1D3BE,711,Total,213,post_engagement,4327,11333,621,2.48,529.14,7.0,45.0,11.0
4D3FC,772,Total,508,onsite_conversion,5312,7304,664,0.22,113.56,11.0,6.0,2.0
6F5DC,798,Total,3962,reach,9538,7239,986,0.07,296.21,26.0,43.0,10.0
1D3BE,523,Total,463,onsite_conversion,6867,9890,603,0.04,17.72,18.0,42.0,10.0
1D3BE,569,Total,114,message,5294,8239,526,2.68,306.04,14.0,46.0,11.0
1D3BE,501,Total,139,message,7293,10317,558,0.96,133.53,9.0,45.0,11.0
2B5ED,447,Daily,7687,reach,6550,12169,783,0.0,5.28,15.0,50.0,12.0
4E2FA,962,Total,7356,view,2486,14618,665,0.07,481.03,10.0,36.0,9.0
6F5DC,818,Daily,4951,view,1033,1625,515,0.15,752.18,8.0,18.0,5.0
6F5DC,438,Daily,291,post_engagement,6138,9610,441,0.96,278.61,30.0,39.0,9.0
3A2FD,912,Daily,333,onsite_conversion,7420,11408,690,0.73,242.74,18.0,50.0,12.0
2B5ED,924,Total,416,message,5998,4003,700,0.88,365.06,23.0,42.0,10.0
1D3BE,401,Daily,453,like,8003,9531,886,0.61,275.82,8.0,49.0,12.0
6F5DC,635,Daily,140,message,308,3878,582,3.89,543.94,8.0,6.0,2.0
3B6ED,451,Daily,398,message,4415,14912,563,0.28,111.12,25.0,38.0,9.0
6F5DC,583,Total,371,post_engagement,459,13762,758,1.34,498.27,24.0,51.0,12.0
2B5ED,972,Total,5369,reach,5445,7849,783,0.02,127.46,11.0,23.0,6.0
3A2FD,786,Total,563,onsite_conversion,8314,12892,689,0.48,272.53,17.0,28.0,7.0
4E2FA,628,Daily,45,onsite_conversion,2757,2018,676,11.28,507.65,22.0,51.0,12.0
6F5DC,870,Total,4726,view,8322,4854,463,0.17,809.93,11.0,32.0,8.0
3B6ED,643,Total,146,onsite_conversion,2099,14805,593,1.26,183.9,17.0,50.0,12.0
2B5ED,823,Daily,544,onsite_conversion,5824,12144,945,0.8,437.86,31.0,35.0,8.0
6F5DC,563,Daily,7588,view,4405,8326,862,0.05,367.37,7.0,1.0,1.0
2B5ED,638,Daily,561,like,7627,13365,907,0.09,49.52,8.0,23.0,6.0
6F5DC,448,Total,1854,view,1222,1799,670,0.03,63.87,17.0,42.0,10.0
6F5DC,433,Daily,179,like,2298,7725,737,0.9,160.46,10.0,45.0,11.0
3B6ED,461,Daily,457,post_engagement,7250,12093,457,0.5,228.94,11.0,41.0,10.0
1E6CA,447,Daily,468,post_engagement,4660,5673,674,0.62,290.28,28.0,34.0,8.0
6F5DC,614,Total,8966,reach,6025,10343,817,0.07,590.34,22.0,42.0,10.0
1E6CA,802,Daily,324,post_engagement,6452,14934,926,1.98,642.3,14.0,41.0,10.0
5C4EB,979,Daily,375,post_engagement,5684,7140,978,1.69,633.89,24.0,29.0,7.0
2A1CB,755,Daily,249,post_engagement,1343,8363,603,0.98,244.75,13.0,37.0,9.0
6F5DC,795,Total,2025,view,3997,4949,590,0.07,134.81,12.0,37.0,9.0
5C4EB,812,Daily,430,post_engagement,9230,13783,877,1.66,715.86,26.0,52.0,12.0
1D3BE,462,Total,8700,reach,8250,9693,440,0.01,82.96,15.0,41.0,10.0
1E6CA,729,Total,254,message,1759,10929,795,0.7,177.35,11.0,28.0,7.0
3A2FD,409,Total,3984,reach,5513,10592,488,0.0,3.54,11.0,45.0,11.0
3A2FD,952,Total,377,like,3630,3020,792,0.59,222.33,30.0,48.0,11.0
1D3BE,679,Total,568,onsite_conversion,7986,10374,727,0.85,484.57,29.0,35.0,8.0
1D3BE,620,Daily,386,like,5796,14049,660,1.14,439.75,15.0,41.0,10.0
5C4EB,611,Daily,413,onsite_conversion,6578,14961,841,0.33,138.32,8.0,6.0,2.0
1E6CA,816,Daily,428,like,7564,7611,580,1.7,727.36,8.0,49.0,12.0
2B5ED,505,Total,290,post_engagement,7594,10018,810,0.84,243.25,22.0,47.0,11.0
6F5DC,712,Total,7975,view,569,1534,545,0.04,342.58,12.0,2.0,1.0
JJ2392,605,Total,4916,reach,9392,10427,502,0.08,374.48,22.0,51.0,12.0
4D3FC,530,Total,189,message,9106,14845,675,2.32,437.96,7.0,49.0,12.0
1D3BE,633,Total,491,like,805,12678,888,1.24,609.19,8.0,6.0,2.0
3B6ED,904,Daily,439,message,4629,6989,897,0.13,56.91,8.0,6.0,2.0
3A2FD,445,Total,386,onsite_conversion,7176,6250,663,0.19,71.94,11.0,41.0,10.0
1D3BE,415,Total,304,like,434,10762,649,0.29,87.14,11.0,15.0,4.0
2B5ED,568,Daily,330,onsite_conversion,5665,14641,960,1.51,498.16,8.0,40.0,10.0
1D3BE,960,Daily,378,post_engagement,8468,4261,871,2.27,858.88,28.0,52.0,12.0
6F5DC,549,Daily,1657,reach,2705,4677,912,0.26,437.22,15.0,41.0,10.0
1D3BE,715,Daily,290,message,5221,8025,453,2.36,683.17,8.0,32.0,8.0
2B5ED,980,Daily,1170,reach,3256,3457,670,0.62,731.13,11.0,45.0,11.0
2A1CB,950,Daily,7487,reach,9207,4443,713,0.0,22.17,30.0,43.0,10.0
JJ2392,637,Daily,451,post_engagement,9761,8707,536,0.97,436.39,14.0,32.0,8.0
2A1CB,872,Daily,264,onsite_conversion,6742,8627,939,0.64,169.97,8.0,1.0,1.0
2B5ED,869,Total,444,like,6068,8880,454,1.03,455.58,25.0,30.0,7.0
6F5DC,889,Daily,301,like,256,7413,966,1.94,584.19,28.0,39.0,9.0
1E6CA,652,Daily,6978,view,9288,6373,984,0.08,575.46,9.0,36.0,9.0
4E2FA,455,Daily,472,message,9696,13953,465,0.12,58.65,7.0,40.0,10.0
JJ2392,796,Daily,165,like,8466,4247,786,0.27,45.03,7.0,6.0,2.0
1E6CA,976,Total,459,like,5493,5799,749,2.1,963.32,7.0,18.0,5.0
1E6CA,894,Total,265,post_engagement,6964,1952,540,3.15,836.04,31.0,44.0,10.0
2B5ED,775,Daily,325,post_engagement,8949,8219,452,0.29,93.06,28.0,48.0,11.0
2B5ED,598,Total,415,like,9844,8759,822,0.33,134.9,28.0,43.0,10.0
4E2FA,781,Daily,5842,view,2580,8244,712,0.11,623.2,14.0,37.0,9.0
JJ2392,434,Total,329,onsite_conversion,3165,12113,706,1.14,376.64,18.0,37.0,9.0
6F5DC,931,Total,445,message,6887,14652,624,2.08,924.11,10.0,2.0,1.0
3A2FD,788,Daily,8021,reach,5626,9171,989,0.07,550.45,8.0,45.0,11.0
3A2FD,419,Total,2294,reach,9942,8915,996,0.13,287.44,24.0,43.0,10.0
4D3FC,938,Total,287,post_engagement,7909,13993,960,1.27,365.19,7.0,45.0,11.0
2B5ED,454,Daily,414,post_engagement,1962,6489,762,0.27,111.86,21.0,33.0,8.0
3A2FD,798,Daily,576,like,368,3784,454,0.17,98.78,21.0,33.0,8.0
1D3BE,583,Daily,345,message,3755,8424,694,0.25,85.85,21.0,33.0,8.0
3B6ED,444,Total,111,message,4667,14793,724,3.65,405.22,17.0,37.0,9.0
1D3BE,936,Daily,1149,reach,4971,10437,465,0.24,279.79,21.0,47.0,11.0
JJ2392,411,Total,257,post_engagement,7831,7219,940,0.76,195.42,21.0,33.0,8.0
2B5ED,483,Total,547,like,1908,7137,471,0.36,198.68,22.0,38.0,9.0
4E2FA,509,Total,2584,view,7500,6427,659,0.03,84.83,8.0,49.0,12.0
2B5ED,460,Daily,274,post_engagement,2822,8683,647,1.56,426.26,11.0,15.0,4.0
4D3FC,836,Daily,322,message,1719,9730,836,2.6,835.76,8.0,40.0,10.0
3A2FD,876,Daily,7153,reach,7211,6757,454,0.08,574.12,13.0,32.0,8.0
6F5DC,712,Total,196,message,6565,5305,780,2.75,539.02,14.0,46.0,11.0
1D3BE,477,Total,495,post_engagement,5771,7799,994,0.76,378.46,19.0,42.0,10.0
JJ2392,873,Total,265,onsite_conversion,6366,11918,785,2.89,765.84,7.0,6.0,2.0
3A2FD,411,Daily,410,onsite_conversion,7532,11119,732,0.15,62.48,9.0,49.0,12.0
1E6CA,773,Daily,5889,reach,4123,9276,924,0.0,18.89,10.0,41.0,10.0
3A2FD,986,Daily,5184,view,2223,10080,609,0.06,321.88,21.0,33.0,8.0
JJ2392,929,Total,325,post_engagement,8680,3441,462,0.81,264.06,7.0,45.0,11.0
6F5DC,750,Total,80,like,4773,14739,644,9.2,736.28,18.0,29.0,7.0
2B5ED,541,Daily,434,onsite_conversion,1774,2737,550,1.17,509.7,28.0,52.0,12.0
1D3BE,622,Daily,35,onsite_conversion,3135,11307,963,4.04,141.57,10.0,14.0,4.0
6F5DC,402,Daily,353,like,2317,13871,400,0.01,2.91,28.0,43.0,10.0
6F5DC,645,Total,3251,reach,8559,7968,602,0.03,109.5,21.0,33.0,8.0
1D3BE,891,Daily,3199,view,6852,13375,973,0.17,533.85,30.0,30.0,7.0
3B6ED,822,Total,8887,reach,9639,6349,651,0.05,487.45,11.0,49.0,12.0
1D3BE,458,Total,208,post_engagement,4833,14573,968,0.32,67.58,14.0,46.0,11.0
1E6CA,698,Total,288,onsite_conversion,4852,2385,448,1.21,347.15,20.0,46.0,11.0
3A2FD,411,Daily,286,like,507,7405,845,0.03,8.43,9.0,45.0,11.0
6F5DC,948,Daily,6690,reach,9438,12198,744,0.14,904.9,25.0,47.0,11.0
JJ2392,759,Total,349,like,1529,4505,569,1.6,559.43,27.0,47.0,11.0
6F5DC,908,Total,307,like,5485,3104,923,2.3,706.82,21.0,42.0,10.0
4D3FC,525,Total,125,onsite_conversion,5422,9128,951,2.91,363.65,22.0,51.0,12.0
1D3BE,609,Daily,6940,view,9735,6637,682,0.05,337.43,12.0,19.0,5.0
6F5DC,632,Daily,109,message,566,4525,934,1.62,176.43,18.0,29.0,7.0
2A1CB,754,Total,483,post_engagement,5599,9185,419,0.15,72.59,24.0,38.0,9.0
JJ2392,897,Total,554,like,6422,4001,960,0.29,162.37,24.0,38.0,9.0
5C4EB,970,Total,240,post_engagement,3348,10202,736,3.29,789.75,24.0,43.0,10.0
3B6ED,853,Total,121,like,9929,6751,574,2.31,279.58,11.0,28.0,7.0
1D3BE,646,Total,460,post_engagement,2566,10090,400,0.49,224.75,13.0,37.0,9.0
5C4EB,541,Daily,6895,reach,7454,10319,707,0.05,354.02,12.0,19.0,5.0
6F5DC,891,Total,6623,view,6582,13358,435,0.04,248.73,10.0,32.0,8.0
5C4EB,939,Total,278,like,5483,3254,997,0.75,208.44,8.0,1.0,1.0
2B5ED,472,Total,5749,view,3571,10348,613,0.04,216.83,17.0,50.0,12.0
JJ2392,862,Daily,391,like,3036,10463,664,2.12,830.56,28.0,52.0,12.0
1D3BE,584,Daily,43,onsite_conversion,1402,14022,565,3.61,155.18,25.0,51.0,12.0
3B6ED,947,Total,361,like,9289,11225,558,0.01,4.8,12.0,19.0,5.0
JJ2392,983,Total,7174,view,1501,5575,433,0.11,788.34,7.0,1.0,1.0
1D3BE,954,Daily,6595,reach,2331,13040,859,0.02,152.93,22.0,38.0,9.0
1D3BE,613,Daily,494,message,8001,3556,763,0.11,51.93,28.0,43.0,10.0
2B5ED,642,Total,445,onsite_conversion,682,5962,811,0.54,239.92,11.0,6.0,2.0
4D3FC,895,Daily,7760,view,2187,9446,852,0.08,596.09,17.0,46.0,11.0
1D3BE,953,Daily,8767,reach,4098,9563,489,0.11,943.34,23.0,29.0,7.0
3A2FD,783,Daily,9508,reach,2963,9754,706,0.08,762.51,27.0,43.0,10.0
4E2FA,832,Total,6922,reach,4902,3410,427,0.03,189.37,20.0,38.0,9.0
6F5DC,925,Daily,324,like,3994,4874,920,0.37,119.9,11.0,45.0,11.0
3B6ED,693,Daily,423,message,739,5162,755,1.54,651.08,8.0,40.0,10.0
2B5ED,698,Total,393,post_engagement,2816,4066,482,1.45,569.28,13.0,50.0,12.0
6F5DC,476,Total,364,like,8581,12590,403,0.02,8.91,29.0,48.0,11.0
5C4EB,999,Daily,2166,view,6581,8395,522,0.14,297.22,9.0,14.0,4.0
2B5ED,535,Total,2979,reach,6321,8599,718,0.16,474.13,10.0,41.0,10.0
1D3BE,609,Daily,432,like,6158,11439,511,0.43,186.21,7.0,49.0,12.0
4E2FA,727,Total,4795,reach,1482,14156,973,0.1,462.36,22.0,29.0,7.0
3A2FD,459,Daily,181,onsite_conversion,6052,12052,409,1.72,311.86,12.0,10.0,3.0
JJ2392,951,Daily,489,like,4356,10180,736,0.48,236.92,9.0,49.0,12.0
3A2FD,617,Total,588,like,6087,5074,560,0.51,299.03,9.0,19.0,5.0
5C4EB,465,Total,246,post_engagement,3958,2381,577,0.01,1.79,8.0,23.0,6.0
6F5DC,462,Total,158,message,3785,8593,820,1.25,197.38,26.0,34.0,8.0
3B6ED,402,Daily,3025,reach,2134,3421,840,0.11,330.94,28.0,39.0,9.0
2B5ED,893,Daily,2809,reach,7733,14260,558,0.14,398.76,24.0,29.0,7.0
4E2FA,590,Total,472,post_engagement,3722,7722,452,1.15,543.4,11.0,23.0,6.0
5C4EB,587,Daily,314,onsite_conversion,8973,6792,929,0.48,150.59,19.0,29.0,7.0
4E2FA,764,Total,462,like,230,4082,603,0.25,113.35,12.0,15.0,4.0
1D3BE,699,Daily,320,message,2339,13575,490,1.32,421.32,24.0,51.0,12.0
1E6CA,757,Daily,366,onsite_conversion,6462,3680,775,1.91,697.48,9.0,36.0,9.0
3A2FD,952,Daily,456,like,8901,11427,543,0.3,134.94,13.0,41.0,10.0
6F5DC,903,Daily,161,message,4697,4434,768,1.96,315.31,21.0,47.0,11.0
6F5DC,836,Daily,7310,view,1254,11841,584,0.01,74.48,26.0,43.0,10.0
6F5DC,918,Daily,377,onsite_conversion,1777,5459,439,0.24,91.53,20.0,42.0,10.0
1D3BE,646,Total,33,onsite_conversion,5135,12188,502,5.71,188.31,7.0,23.0,6.0
6F5DC,691,Total,39,onsite_conversion,7585,6353,797,15.46,602.87,21.0,33.0,8.0
1E6CA,808,Total,107,like,5435,11570,757,5.9,630.92,10.0,27.0,7.0
2B5ED,466,Total,7381,view,4214,3984,793,0.06,425.17,11.0,32.0,8.0
6F5DC,655,Total,488,message,2933,3219,671,0.65,319.35,10.0,6.0,2.0
JJ2392,914,Total,158,onsite_conversion,295,2059,473,2.56,404.35,9.0,45.0,11.0
4D3FC,684,Daily,333,like,452,12911,659,1.86,620.05,16.0,37.0,9.0
5C4EB,997,Total,166,onsite_conversion,3440,9583,671,5.63,934.06,7.0,18.0,5.0
3B6ED,639,Total,270,post_engagement,8087,7458,424,1.42,384.07,19.0,38.0,9.0
4D3FC,566,Total,3986,reach,9244,14995,897,0.12,485.25,22.0,47.0,11.0
2B5ED,606,Daily,2628,reach,738,5746,743,0.1,264.51,31.0,52.0,12.0
3B6ED,543,Daily,1349,reach,4185,2157,836,0.18,246.38,25.0,34.0,8.0
1D3BE,983,Daily,5536,reach,6295,7570,709,0.18,971.18,12.0,19.0,5.0
2B5ED,807,Daily,158,message,3094,9037,851,4.9,773.42,18.0,37.0,9.0
5C4EB,469,Total,165,message,8086,9517,740,0.75,123.45,9.0,36.0,9.0
6F5DC,991,Daily,314,post_engagement,8938,10402,586,1.58,496.36,12.0,37.0,9.0
1D3BE,849,Total,116,onsite_conversion,892,6490,416,3.73,432.77,31.0,35.0,8.0
1D3BE,863,Daily,476,post_engagement,8268,12414,433,0.39,186.17,9.0,27.0,7.0
2B5ED,752,Daily,186,onsite_conversion,3063,7741,866,2.78,516.4,17.0,28.0,7.0
1D3BE,539,Daily,275,onsite_conversion,2543,8594,602,1.45,400.06,25.0,51.0,12.0
6F5DC,642,Total,5669,view,9716,7909,534,0.01,79.99,25.0,30.0,7.0
1D3BE,731,Daily,3835,view,3638,9811,961,0.17,656.19,17.0,28.0,7.0
2A1CB,543,Daily,153,message,1673,14339,547,3.1,473.78,7.0,6.0,2.0
4D3FC,537,Daily,569,like,4960,12700,805,0.09,49.3,13.0,45.0,11.0
1D3BE,744,Total,261,onsite_conversion,5899,5464,591,1.0,262.22,28.0,34.0,8.0
4E2FA,553,Daily,163,like,7338,2344,544,2.43,395.73,7.0,23.0,6.0
1D3BE,944,Total,170,message,1022,3475,422,4.22,716.62,11.0,45.0,11.0
2B5ED,999,Daily,459,onsite_conversion,7288,4967,606,1.17,538.26,19.0,29.0,7.0
5C4EB,519,Daily,385,post_engagement,1606,5478,644,0.58,222.18,14.0,37.0,9.0
6F5DC,661,Total,313,like,909,1631,766,0.36,112.3,27.0,30.0,7.0
4E2FA,792,Total,215,message,9924,4504,640,1.31,282.69,20.0,33.0,8.0
1D3BE,512,Daily,201,message,7512,6865,939,0.08,15.53,17.0,46.0,11.0
6F5DC,551,Total,480,message,6319,5700,479,0.72,345.45,26.0,34.0,8.0
1D3BE,709,Total,374,post_engagement,7931,14371,946,1.06,398.17,24.0,34.0,8.0
6F5DC,460,Daily,206,post_engagement,6407,13908,791,1.12,231.68,17.0,37.0,9.0
