lia_campaign_id,google_campaign_id,gender,impressions,engagement,interactions,ctr,cost_conversion,spent,min_age,max_age
916,763417,F,5938,9398,1222,1252,0.11,134,30,34
916,763417,F,7058,1662,450,2450,0.07,160,30,34
916,103917,F,2012,5533,1207,103,1.35,139,30,34
916,763417,F,10321,2665,990,2265,0.05,110,30,34
916,103918,F,5317,3981,1070,1473,0.05,81,30,34
916,103918,F,13825,4223,959,2799,0.04,108,30,34
916,763417,F,4029,2651,392,292,0.54,158,30,34
916,103918,M,5533,4907,776,475,0.27,130,25,29
916,763917,M,10551,5819,1096,1902,0.05,103,25,29
916,103917,F,15545,3202,377,1490,0.12,177,25,29
916,103918,F,4402,7393,1181,2028,0.05,111,25,29
916,103918,M,3099,6246,1447,1403,0.12,174,25,29
916,103917,M,8911,5153,702,1051,0.14,146,25,29
916,763917,F,3440,4339,424,611,0.22,135,25,29
916,103917,F,8844,5350,695,1477,0.06,92,25,29
916,763917,F,1325,11513,754,187,0.57,106,25,29
916,103918,F,12370,11953,283,2288,0.07,171,25,29
916,763417,M,6491,8061,640,923,0.17,153,30,34
916,103918,F,11666,4096,1140,2934,0.06,168,35,39
916,763917,M,8252,11932,441,1625,0.06,96,35,39
916,103917,F,5528,11872,519,118,1.03,121,35,39
916,763917,F,3843,8057,899,1110,0.14,152,35,39
916,763917,F,13544,3793,1265,217,0.38,82,35,39
916,103918,F,5612,6458,349,2313,0.07,161,35,39
916,763417,F,2663,825,1559,238,0.64,153,35,39
916,763417,F,13258,2614,257,2617,0.06,154,35,39
916,763417,F,10552,9780,325,237,0.76,179,35,39
916,103918,F,3037,3003,573,2268,0.05,123,40,44
916,103918,M,1986,2875,816,2112,0.06,127,40,44
916,103917,F,12790,5901,499,952,0.09,90,40,44
916,763917,M,6829,2721,1262,488,0.21,101,40,44
916,763417,F,4504,9362,665,433,0.29,125,40,44
916,763917,F,9559,2119,1307,2044,0.08,173,45,49
916,103917,F,8165,4233,715,1870,0.08,152,45,49
916,763917,F,15103,8225,750,1045,0.1,104,45,49
916,763917,M,9979,9677,551,1361,0.11,147,30,34
916,103918,F,12036,3234,650,2444,0.05,110,30,34
916,103917,F,12783,9758,432,1164,0.15,179,30,34
916,763417,F,10800,1783,1320,1755,0.1,180,30,34
916,763917,F,11632,6652,312,561,0.3,171,30,34
916,763417,M,15506,2808,897,319,0.55,177,30,34
916,553917,F,7009,3298,1290,1406,0.1,144,30,34
916,763417,M,5005,3966,1261,2811,0.04,114,30,34
916,763417,M,13371,11597,553,2062,0.05,99,30,34
916,763417,F,14127,5458,524,908,0.15,134,30,34
916,763917,M,3389,7012,520,266,0.38,101,30,34
916,103917,F,8750,1799,1371,1585,0.08,126,35,39
916,763917,F,1875,11096,450,2710,0.04,109,35,39
916,763417,F,14570,10907,743,2888,0.06,161,35,39
916,763917,F,9574,5152,857,1016,0.09,88,25,29
916,763917,M,8884,8059,1499,2789,0.04,103,25,29
916,763417,M,7128,4866,807,194,0.42,82,25,29
916,553917,M,12948,4379,1253,778,0.13,98,25,29
916,103917,F,5204,9573,456,2250,0.07,167,25,29
936,763917,M,1713,8709,565,1978,0.08,164,30,34
936,763417,M,11844,3952,956,2116,0.08,167,30,34
936,103918,F,14420,10740,1350,132,1.01,133,30,34
936,103918,F,9655,5807,1259,828,0.19,160,30,34
936,763417,M,6592,1224,240,2224,0.07,155,30,34
936,553917,F,5498,6503,1191,1183,0.13,158,30,34
936,763417,F,11548,10043,1091,1289,0.08,98,30,34
936,103918,F,7410,10593,662,2348,0.07,155,30,34
936,763917,F,9257,908,745,177,0.53,93,30,34
936,763917,F,8021,4451,1292,801,0.17,136,35,39
936,103918,F,8741,11413,970,2607,0.06,147,35,39
936,763417,F,2006,6770,717,1818,0.07,136,35,39
936,763417,M,10481,9536,957,929,0.1,97,35,39
936,763917,F,6978,7212,1591,2331,0.04,104,35,39
936,103918,M,14689,6447,524,2573,0.04,112,35,39
936,553917,F,5304,11667,1192,1265,0.08,103,35,39
936,763417,F,4412,7756,1267,607,0.15,89,35,39
936,103917,F,10905,10090,382,557,0.28,156,40,44
936,763917,F,11677,896,871,3000,0.03,104,40,44
936,103917,M,10487,9212,1066,2392,0.07,168,45,49
936,763417,M,7444,4962,1332,1840,0.09,164,45,49
936,103918,F,14208,9381,317,1805,0.06,102,45,49
936,763417,M,1991,5990,687,2185,0.04,93,45,49
936,763917,M,14478,6110,246,681,0.26,176,30,34
936,103918,F,9021,1763,1316,1183,0.08,90,30,34
936,763917,M,6307,2043,1378,1398,0.12,173,30,34
936,763917,M,1779,1784,1534,1488,0.09,127,30,34
936,763917,F,10559,8851,1189,2201,0.04,91,30,34
936,763917,F,5457,6755,1303,2366,0.05,119,30,34
936,763917,F,14959,9979,821,711,0.17,124,30,34
936,103918,F,14795,5055,1321,849,0.12,99,30,34
936,103917,F,14268,8298,1248,219,0.44,96,30,34
936,763417,F,6113,4239,1024,753,0.19,143,30,34
936,763417,F,15899,11178,909,1222,0.14,175,30,34
936,103918,M,14345,1967,1484,2234,0.05,120,30,34
936,763917,F,10673,4554,1142,1866,0.05,87,35,39
936,763917,F,13686,11975,1467,2261,0.07,155,35,39
936,763917,F,3703,3654,884,189,0.6,113,35,39
936,763917,F,8510,7380,333,906,0.2,180,35,39
936,103917,F,9424,9078,1337,2355,0.07,161,35,39
936,763417,F,11850,11702,1433,2694,0.04,105,35,39
936,103918,M,5407,7765,220,1863,0.06,108,35,39
936,103918,F,4835,6664,983,2610,0.07,179,35,39
936,763917,F,2937,2852,1236,2527,0.04,101,35,39
936,763917,F,6106,2334,495,488,0.27,134,25,29
936,103917,F,3158,5739,465,1950,0.05,101,25,29
936,103918,F,9650,4655,1571,2027,0.05,100,25,29
936,763417,F,15355,8830,332,512,0.28,145,25,29
936,553917,F,2409,2836,898,1963,0.07,137,25,29
936,103918,M,10307,7983,282,1333,0.1,127,25,29
936,103917,F,9026,1848,572,337,0.38,129,25,29
936,763917,M,8858,3351,272,1145,0.14,160,25,29
936,553917,F,15471,8497,521,656,0.22,147,25,29
936,103918,M,2528,8033,249,1126,0.09,96,25,29
936,763417,F,4578,8205,1363,2356,0.04,97,25,29
936,103917,F,8646,2587,934,1767,0.05,87,25,29
936,103917,M,15080,8509,1294,1668,0.06,103,25,29
936,103917,F,10159,9117,755,2087,0.05,114,25,29
936,103917,F,13338,2733,1598,1004,0.1,97,25,29
936,553917,M,15799,8848,290,1421,0.12,177,30,34
936,553917,F,12318,2954,430,1838,0.07,123,30,34
936,763917,F,12096,7072,1184,1633,0.07,121,30,34
936,763917,F,13896,4368,357,2372,0.07,167,30,34
936,763917,F,12468,7193,693,2847,0.04,105,30,34
936,103917,F,2706,6207,1303,1529,0.06,89,30,34
936,763417,M,1185,6527,632,2048,0.04,88,35,39
936,103917,F,6722,5331,815,380,0.35,132,35,39
936,763917,F,6691,5936,335,2906,0.04,116,35,39
936,103918,F,2602,11454,723,1614,0.06,90,40,44
936,763917,M,3629,984,1565,840,0.13,109,40,44
936,103918,F,4257,11461,702,786,0.18,140,45,49
936,103918,F,9820,10495,441,1303,0.12,161,45,49
936,553917,F,16496,7835,663,2815,0.04,105,45,49
936,103918,F,7496,1094,1514,2590,0.04,93,45,49
936,553917,M,7327,9153,902,832,0.17,145,45,49
936,103918,F,10399,10292,1303,1218,0.12,149,30,34
936,553917,F,6400,6903,579,1204,0.07,82,30,34
936,103918,M,6008,10601,1231,1306,0.13,173,30,34
936,763417,F,6292,4522,778,1525,0.07,104,30,34
936,103917,F,1457,5383,995,2614,0.05,118,30,34
936,763417,F,9568,7010,340,2606,0.04,110,30,34
936,103918,F,7788,9441,842,1661,0.07,110,30,34
936,103918,F,16063,1886,266,2935,0.05,142,35,39
936,103917,F,11020,4847,850,1102,0.12,134,40,44
936,763417,F,2504,3696,292,356,0.4,143,40,44
936,103918,M,9297,4146,360,730,0.14,102,40,44
936,103917,F,5172,3328,1472,2257,0.07,169,40,44
936,103918,F,2228,5438,931,2103,0.06,127,40,44
936,103918,F,14534,3610,808,202,0.52,105,40,44
936,103917,F,6202,2401,565,1891,0.09,163,40,44
936,103917,M,8026,1288,1488,1115,0.13,141,40,44
936,103917,M,7774,5029,1161,1276,0.09,113,45,49
936,763417,F,5129,11615,204,2328,0.07,172,45,49
936,763417,F,16397,10778,301,1917,0.09,172,45,49
936,103918,M,11248,5882,458,2362,0.07,176,45,49
936,763417,F,5899,9010,1544,2519,0.05,136,45,49
936,763417,F,10709,1310,902,1580,0.1,161,45,49
936,763917,M,14893,2460,1040,419,0.22,91,45,49
936,553917,F,14670,5946,1079,1279,0.1,125,30,34
936,763917,F,9508,6465,833,664,0.14,90,30,34
936,763417,F,8779,4035,210,679,0.16,110,30,34
936,553917,F,11764,5481,238,1171,0.12,138,30,34
936,103917,F,9047,1250,401,2254,0.05,116,30,34
936,103917,F,14440,4507,290,1193,0.1,125,30,34
936,763917,F,9512,11052,1532,2660,0.03,83,30,34
936,763417,F,14249,2427,742,432,0.28,122,35,39
936,103918,F,12423,11741,608,794,0.2,158,35,39
936,763917,M,15226,10152,1370,912,0.14,125,35,39
936,103917,F,6256,1996,1458,1545,0.11,168,35,39
936,103917,F,8092,1812,634,1251,0.07,83,35,39
936,763917,F,13802,7173,1242,1519,0.07,109,35,39
936,103918,F,14616,11689,530,377,0.27,103,25,29
936,763917,M,6899,6588,616,2555,0.05,136,25,29
936,763417,F,7081,8866,320,1005,0.16,157,25,29
936,103917,F,3886,7269,1163,2457,0.07,165,25,29
936,103918,F,4916,9279,273,1128,0.08,94,25,29
936,763917,M,9607,8866,1020,2368,0.05,127,25,29
936,763417,F,10172,7778,946,2955,0.04,126,25,29
936,763917,M,3556,2299,365,1099,0.11,124,25,29
936,763417,F,5596,10961,1355,2222,0.05,114,25,29
936,103918,F,13638,5060,1019,2902,0.06,167,25,29
936,103918,F,7952,1349,1430,879,0.18,156,30,34
936,763917,M,15088,9858,888,1342,0.12,165,30,34
936,103918,F,15344,3893,490,1797,0.09,170,30,34
936,763417,F,7737,3551,1459,2520,0.03,84,30,34
936,553917,F,2583,6946,450,2625,0.04,92,30,34
936,103917,F,10274,6494,946,1060,0.08,83,30,34
936,763417,F,14673,7468,228,2849,0.05,144,30,34
936,763917,M,6018,11529,362,2389,0.05,110,30,34
936,103917,F,14216,4660,993,321,0.3,95,30,34
936,103917,F,15131,5011,300,219,0.43,95,35,39
936,763417,F,7313,11615,518,763,0.17,127,35,39
936,763917,M,15242,1394,1560,120,0.99,119,35,39
936,763917,F,9693,6493,1571,388,0.36,141,35,39
936,103917,M,6230,5443,1133,619,0.28,171,35,39
936,553917,M,11059,9173,930,644,0.2,127,35,39
936,763417,M,15551,6019,584,2044,0.09,175,25,29
936,103917,M,9206,3395,1437,454,0.26,119,25,29
936,763917,F,1001,2153,804,2598,0.07,173,25,29
936,763417,F,9832,11774,1240,2576,0.03,88,25,29
936,763917,F,14429,4301,654,2639,0.03,88,25,29
936,553917,M,1353,6262,1459,1469,0.11,168,25,29
936,763917,M,16370,1031,1490,2109,0.05,114,25,29
936,763917,F,3608,3312,1417,2746,0.03,93,25,29
936,763917,F,6514,8820,1228,2843,0.04,107,25,29
936,103918,F,5370,2503,440,142,0.77,110,25,29
936,763417,F,13621,7882,392,2808,0.06,173,45,49
936,763417,F,7443,9593,1464,2344,0.07,155,45,49
936,763917,M,14842,11646,318,1253,0.08,94,45,49
936,103918,F,10530,3340,1316,2332,0.06,148,45,49
936,763917,F,7674,1301,1245,915,0.15,139,25,29
936,763417,F,7665,7239,998,2824,0.04,101,25,29
936,763917,M,15636,4978,1020,1048,0.12,121,25,29
936,553917,M,15050,2432,1037,2872,0.06,163,25,29
936,763917,F,10122,807,680,1960,0.07,132,25,29
936,763917,F,1870,6580,758,1649,0.05,88,45,49
936,763917,F,8995,8691,1555,1783,0.1,178,45,49
936,553917,F,11491,3849,296,565,0.31,175,40,44
936,103917,F,9451,1864,479,2212,0.05,106,45,49
936,763917,F,4150,3621,743,2574,0.06,147,45,49
936,763917,F,9021,4534,430,1990,0.07,132,45,49
936,553917,M,10959,7575,720,377,0.33,124,45,49
936,103917,F,1729,5996,551,1021,0.1,106,30,34
936,763917,F,1027,2139,462,1709,0.09,150,45,49
936,763917,F,9896,8876,1538,2725,0.04,118,45,49
936,103917,F,10059,5223,1389,1394,0.08,116,30,34
936,763917,F,7848,2196,493,1580,0.11,168,30,34
936,763417,M,2335,9617,811,2173,0.07,149,30,34
936,763917,F,15875,2639,1064,1153,0.09,102,30,34
936,103918,F,4299,10319,1088,1988,0.07,136,45,49
936,103918,F,2452,11471,1056,1299,0.1,124,30,34
936,103918,F,2278,8599,1133,882,0.11,94,45,49
936,103917,F,3292,5100,1358,160,1.04,167,45,49
936,763917,F,10797,4704,1023,280,0.33,91,45,49
936,763917,F,14258,2259,576,780,0.16,122,45,49
936,103918,F,11660,5994,1527,1653,0.09,151,30,34
936,763917,F,1873,9706,891,1125,0.12,132,30,34
936,763417,F,15823,7792,1576,2493,0.04,99,30,34
936,103918,F,4206,9622,340,2734,0.05,130,30,34
936,103917,F,9728,8632,644,1171,0.07,85,30,34
936,763917,F,7996,1571,1522,1425,0.08,119,30,34
936,763417,F,10363,2905,279,2967,0.05,143,30,34
936,763917,F,13658,6099,938,125,1.14,143,45,49
936,763417,F,10794,3812,1379,814,0.11,88,45,49
936,103918,F,2972,10926,1455,231,0.54,125,40,44
936,103918,F,13519,10386,1319,2459,0.05,134,30,34
936,103917,F,11856,1153,1163,2732,0.04,112,30,34
936,103918,M,5218,10888,283,2965,0.03,89,30,34
936,763917,M,7459,9337,1545,1127,0.11,124,30,34
936,103917,F,15179,7777,367,2952,0.05,159,30,34
936,103918,F,14309,5862,919,2460,0.05,111,30,34
936,103917,F,6057,2639,891,469,0.22,103,40,44
936,103918,F,5780,8505,1564,2542,0.05,117,40,44
936,763917,F,3009,3967,1380,1349,0.09,116,40,44
936,103917,M,5018,3622,652,1891,0.07,140,40,44
936,763417,F,13528,3999,1349,2808,0.05,142,30,34
936,763917,F,15694,3449,700,1493,0.12,175,30,34
936,763917,F,7897,2234,1343,2422,0.06,155,30,34
936,763917,F,5604,866,1525,654,0.28,180,30,34
936,553917,F,11642,11511,624,2789,0.04,121,30,34
936,763417,F,10011,11558,1309,1044,0.14,147,40,44
936,553917,M,11054,9663,1299,518,0.22,116,40,44
936,103917,F,7373,8613,986,507,0.16,82,45,49
936,103918,F,3202,3991,314,1007,0.11,106,45,49
936,763417,M,1980,10532,1563,153,0.8,123,40,44
936,763417,M,8038,9565,1020,965,0.15,144,45,49
936,763917,F,6738,8386,720,2469,0.06,150,45,49
936,763917,M,4989,4224,1544,503,0.21,106,45,49
936,763917,F,14905,9404,1420,2512,0.04,109,35,39
936,103917,M,1008,7108,1096,1692,0.09,157,45,49
936,763917,F,14079,2384,1530,2352,0.07,159,40,44
936,103917,F,3790,855,760,506,0.36,180,35,39
936,763917,F,7198,5441,1507,2700,0.05,132,45,49
936,763917,F,4051,1498,1177,1840,0.07,132,45,49
936,763417,F,5244,3175,1027,2336,0.06,136,35,39
936,763917,F,7543,8150,950,567,0.31,175,35,39
936,103917,F,16386,11612,1492,910,0.15,135,30,34
936,763417,F,10901,5060,575,1749,0.1,174,40,44
936,763917,F,12284,10838,619,2366,0.06,148,30,34
936,103917,M,2630,4902,420,2391,0.04,93,30,34
936,763917,F,13465,4226,1089,1987,0.07,141,30,34
936,103917,F,2928,1439,474,2190,0.06,136,30,34
936,103918,F,6816,5590,335,1774,0.08,148,30,34
936,553917,F,10963,2174,1280,996,0.12,119,40,44
936,763917,F,12590,5734,992,1221,0.12,150,40,44
936,763917,F,2690,8466,772,2766,0.06,156,35,39
936,103918,M,8082,9252,433,2318,0.08,177,45,49
936,763917,M,9732,4283,267,1195,0.11,128,45,49
936,763917,F,16177,4078,1194,350,0.31,108,40,44
936,103917,M,13346,10141,1509,1008,0.1,98,45,49
936,763917,M,3213,3345,212,1036,0.12,120,45,49
936,103917,M,15264,7740,473,2727,0.03,80,45,49
936,103917,F,3772,11277,298,1975,0.07,143,40,44
936,103918,F,15652,3478,1488,1892,0.09,175,40,44
936,763417,M,8161,10421,418,604,0.23,138,40,44
936,103918,F,1137,6264,265,1342,0.1,138,35,39
936,763917,F,7392,6250,363,766,0.22,172,30,34
936,763917,F,14735,11135,919,1407,0.11,150,30,34
936,763917,F,9912,10751,489,1340,0.12,165,40,44
936,103918,F,15230,9411,1533,2783,0.06,171,30,34
936,763917,F,7499,8043,763,2124,0.06,134,30,34
936,763417,M,11688,6319,449,1775,0.09,157,30,34
936,763917,M,1222,9246,1448,1702,0.07,121,35,39
936,763917,F,13067,1661,1428,1318,0.11,145,30,34
936,103917,F,1884,2268,1278,1067,0.12,123,30,34
936,763917,F,15014,2399,463,1842,0.08,146,30,34
936,763417,F,3556,864,1116,2650,0.05,132,35,39
936,103917,F,7819,4923,854,2716,0.05,128,35,39
936,763917,F,5368,1406,344,2902,0.04,115,30,34
936,763917,F,13259,11872,1354,1737,0.08,141,35,39
936,763917,F,3689,2224,1239,1605,0.1,155,30,34
936,553917,F,11975,8220,509,272,0.63,170,30,34
936,763417,F,8573,8196,721,2820,0.03,94,25,29
936,553917,F,9103,3559,278,688,0.25,175,25,29
936,763917,F,11630,8829,377,3000,0.03,94,25,29
936,103917,M,4139,5938,658,369,0.46,170,25,29
936,103918,F,4906,8241,1326,2141,0.05,114,25,29
936,763917,F,6988,5511,604,273,0.47,128,40,44
936,763417,M,5531,11876,1136,1988,0.05,95,30,34
936,763917,F,6571,4332,445,1202,0.07,83,40,44
936,763417,M,8895,10470,710,780,0.14,112,30,34
936,103918,M,10731,1911,350,1584,0.07,118,40,44
936,763917,F,6122,1797,1339,277,0.35,97,30,34
936,103918,F,2480,3880,211,392,0.39,152,40,44
936,553917,F,1165,7664,750,2452,0.04,96,30,34
936,763417,F,4381,2853,1335,2452,0.05,117,30,34
936,103918,F,12461,4147,1274,2191,0.05,112,35,39
936,763917,F,3694,4101,1208,136,0.82,112,30,34
936,763417,M,7582,3286,388,822,0.18,144,35,39
936,763917,M,8394,4971,1505,1874,0.06,112,35,39
936,763917,M,16397,9734,936,1009,0.15,151,35,39
936,763917,F,6728,7663,652,1384,0.13,175,30,34
936,763917,M,13886,4337,383,278,0.42,117,30,34
936,103917,F,3970,6525,1407,395,0.22,88,35,39
936,763917,M,12590,4053,730,2926,0.05,145,40,44
936,103918,F,2820,1115,457,767,0.17,130,35,39
936,763917,M,8164,9049,1488,1794,0.1,172,30,34
936,103918,M,10226,11641,437,2325,0.05,126,45,49
936,763917,F,12265,6095,863,816,0.16,131,45,49
936,553917,M,7886,5280,1223,2358,0.04,86,35,39
936,103917,F,8007,7656,544,1896,0.09,175,35,39
936,763417,F,6059,7044,471,200,0.85,169,35,39
936,103918,F,9539,11978,1382,1229,0.11,141,30,34
936,103918,F,10871,3966,1571,1857,0.06,117,35,39
936,103918,M,1898,9839,265,2237,0.06,143,30,34
936,103918,M,5394,8077,212,1598,0.11,175,30,34
936,103918,M,11221,4670,1378,529,0.25,132,30,34
936,553917,F,5296,6475,1412,2354,0.07,160,30,34
936,103917,F,5163,1782,1316,2899,0.05,136,30,34
936,763417,F,2648,904,1506,1117,0.09,96,30,34
936,553917,F,4361,9094,572,422,0.24,102,45,49
936,763917,M,16337,8464,336,1232,0.13,162,45,49
936,763417,M,16198,11846,786,782,0.12,90,30,34
936,763417,F,14530,7566,626,595,0.22,128,30,34
936,103917,F,15107,1594,1082,892,0.11,97,30,34
936,763917,F,8515,1670,1515,2541,0.06,162,35,39
936,763417,F,15665,6667,1365,1907,0.07,130,35,39
936,763917,F,8456,1762,790,1792,0.09,170,30,34
936,103918,F,14003,7143,1409,1561,0.06,86,30,34
936,103917,M,5125,11978,376,2865,0.05,150,30,34
936,763917,M,9021,8313,793,410,0.33,136,35,39
936,553917,F,2547,10894,374,1914,0.09,170,45,49
936,763417,M,5395,10395,891,676,0.13,87,45,49
936,103918,M,11210,11154,1424,571,0.24,138,30,34
936,103917,M,13371,8191,395,995,0.14,138,30,34
936,763917,F,1358,1015,1244,1762,0.08,143,30,34
936,103918,F,16405,11011,1291,1567,0.1,154,30,34
936,763917,M,11420,10068,1303,2657,0.06,161,30,34
936,553917,M,4044,1319,1123,1339,0.08,101,30,34
936,553917,F,4622,1703,1330,1985,0.07,139,45,49
936,103918,M,13118,3915,951,598,0.17,103,30,34
936,763917,F,9760,9317,635,2501,0.07,172,30,34
936,763917,F,9202,8785,363,1193,0.1,118,30,34
936,103917,F,16434,4863,394,1923,0.06,116,45,49
936,763917,F,10751,11753,800,791,0.2,155,45,49
936,103917,F,14688,8025,558,1816,0.09,157,30,34
936,763417,M,12802,10367,395,2861,0.03,89,30,34
936,763417,F,13938,4541,1353,269,0.52,140,30,34
936,763917,F,4382,5351,618,1609,0.09,147,45,49
936,763917,F,3689,4334,1402,2882,0.03,94,45,49
936,763917,M,3948,4664,962,2142,0.07,145,30,34
936,103917,F,6157,8957,1188,2636,0.04,110,25,29
936,763417,M,13195,7307,1229,246,0.34,83,25,29
936,763917,F,9389,4294,1252,1680,0.09,153,25,29
936,103917,F,6900,9698,1459,364,0.35,129,25,29
936,763917,F,5203,874,245,1338,0.08,111,25,29
936,763917,M,8245,2249,760,1389,0.06,84,40,44
936,553917,F,11866,7684,516,372,0.46,170,40,44
936,103917,F,7864,1019,624,1202,0.13,154,35,39
936,103918,F,13205,9714,418,1745,0.08,141,35,39
936,763417,F,13803,6138,1411,1395,0.12,166,35,39
936,553917,M,4261,6389,442,1313,0.06,81,35,39
936,763417,F,5733,7897,402,2207,0.04,82,35,39
936,763917,M,6805,5184,387,877,0.1,92,35,39
936,763917,F,3135,9710,993,2287,0.07,169,35,39
936,763917,F,2831,11502,348,955,0.17,159,25,29
936,763917,F,8462,11311,649,2528,0.05,125,25,29
936,763917,F,12659,8610,888,1303,0.1,135,25,29
936,553917,F,1837,5460,605,1802,0.08,139,25,29
936,103918,F,6495,8280,1282,2502,0.04,110,25,29
936,763917,M,8035,4517,723,1909,0.08,156,25,34
936,763917,M,14367,1220,731,2467,0.05,128,25,35
936,763917,F,11860,7039,214,1165,0.1,117,25,36
936,553917,F,13471,4956,1523,2124,0.07,145,25,37
936,763417,F,4249,814,581,970,0.14,134,25,38
936,763417,F,8806,2122,1365,635,0.22,141,30,34
936,103918,F,15340,5680,604,981,0.15,151,45,49
936,763417,F,3422,6657,355,1406,0.12,165,30,34
936,103918,F,10969,9274,357,1402,0.12,172,30,34
936,763917,M,7304,1315,1435,2541,0.03,84,30,34
936,103918,M,6606,1293,746,1956,0.08,149,30,34
936,103917,M,5607,7645,1562,1494,0.06,91,30,34
936,763917,F,9063,6151,1372,2070,0.08,165,30,34
936,103917,F,14589,8837,1363,495,0.27,134,30,34
936,553917,F,4388,2299,525,2476,0.03,80,30,34
936,763917,M,4760,1860,1351,1958,0.08,165,30,34
936,553917,F,7828,9752,469,1949,0.04,82,30,34
936,763417,F,8406,1655,277,537,0.16,85,30,34
936,103918,M,4263,3557,1342,2527,0.05,137,30,34
936,103918,M,6005,11208,383,1464,0.09,129,30,34
936,763417,M,13005,4555,941,949,0.17,160,40,44
936,103917,F,10650,8799,706,286,0.39,111,30,34
936,763917,F,14253,11334,544,1883,0.08,158,30,34
936,103917,M,10824,10471,1488,2702,0.03,88,45,49
936,763917,F,14303,11571,1200,1908,0.08,151,45,49
936,103918,F,6291,1185,250,2069,0.05,94,40,44
936,763417,F,7687,9003,1083,1018,0.13,137,40,44
936,103917,F,9601,3140,1275,2605,0.05,125,30,34
936,763917,M,13864,5422,763,222,0.68,150,40,44
936,553917,F,15773,9014,802,2960,0.05,141,30,34
936,763917,F,5056,7874,336,492,0.3,146,35,39
936,553917,M,8472,7349,1129,2330,0.04,97,35,39
936,553917,F,6632,8945,366,625,0.17,108,35,39
936,763917,F,14004,8270,378,1091,0.16,180,40,44
936,103918,F,10505,7375,1514,810,0.22,176,40,44
936,763417,F,13202,3214,520,2363,0.07,175,35,39
936,103917,F,4308,10670,413,2767,0.03,96,30,34
936,553917,F,1404,3772,875,2293,0.04,97,30,34
936,553917,M,7933,7449,784,901,0.11,95,30,34
936,103917,F,7443,8928,522,245,0.47,114,30,34
936,763917,M,15359,3991,232,2664,0.06,172,30,34
936,103917,F,13866,6773,1028,250,0.62,155,30,34
936,103918,F,7837,8535,328,2713,0.05,126,30,34
936,553917,F,8225,888,1234,1917,0.05,100,30,34
936,103918,F,5457,8477,771,2948,0.04,124,30,34
936,763417,M,6836,4519,1003,537,0.18,99,30,34
936,553917,M,4025,7424,1018,2536,0.04,97,40,44
936,763917,F,9618,8349,1175,1161,0.11,130,35,39
936,763917,M,2236,5525,1215,2808,0.03,97,30,34
936,763917,F,7574,1672,706,1727,0.05,81,45,49
936,103917,F,5758,3326,1085,2695,0.04,101,45,49
936,553917,M,12958,9709,447,1515,0.11,171,45,49
936,553917,F,8874,10921,548,569,0.24,138,30,34
936,763417,F,9446,3139,309,671,0.21,141,45,49
936,763917,F,1567,1281,1443,1271,0.07,88,40,44
936,553917,F,9113,2222,325,1522,0.1,159,30,34
936,763917,M,4264,8084,966,2604,0.07,171,30,34
936,763917,F,6937,9499,875,218,0.78,169,30,34
936,103917,F,10650,6788,736,2595,0.06,144,30,34
936,763417,M,11671,9492,1113,173,0.94,163,30,34
936,763917,F,2848,3273,510,1699,0.09,158,30,34
936,103917,M,7355,4159,1424,2394,0.07,169,30,34
936,103917,F,15151,1434,1323,960,0.09,89,30,34
936,763417,F,16472,4428,912,101,0.99,100,30,34
936,763917,M,9669,10726,795,2627,0.03,83,30,34
936,103918,M,5977,7278,681,1715,0.07,119,35,39
936,763417,F,14507,8766,1156,1395,0.06,86,35,39
936,763417,F,12808,9080,1574,1825,0.07,132,35,39
936,103918,F,14743,11494,776,200,0.5,100,30,34
936,763917,F,16142,6568,494,2665,0.06,160,35,39
936,103917,F,11669,8999,877,1884,0.1,179,30,34
936,763917,F,11119,1129,995,416,0.38,159,40,44
936,763917,F,11024,3553,749,2371,0.06,150,45,49
936,763917,F,10039,2091,253,2572,0.03,84,30,34
936,553917,M,11598,6971,1571,2021,0.06,116,30,34
936,763417,M,8341,6072,864,1750,0.09,162,30,34
936,103918,F,12036,4459,663,1253,0.08,95,30,34
936,553917,M,10705,9135,1160,2358,0.04,89,30,34
936,553917,M,15278,6191,1357,1497,0.08,120,30,34
936,763917,F,9109,5614,1131,2353,0.06,135,45,49
936,103918,M,2595,9490,1449,2727,0.05,144,45,49
936,763917,F,15386,5337,742,380,0.39,150,35,39
936,763917,F,8295,9118,544,2719,0.06,171,45,49
936,103918,F,7755,3513,1082,326,0.35,114,35,39
936,763417,F,4589,11081,1153,961,0.13,126,35,39
936,103918,F,2201,3935,255,989,0.11,107,35,39
936,553917,F,9623,4977,1150,2935,0.04,126,35,39
936,763917,F,3066,4732,1376,1403,0.06,82,35,39
936,763917,M,2866,2869,272,870,0.2,173,35,39
936,763417,F,7172,982,861,1585,0.1,159,30,34
936,763917,F,7222,5598,1552,725,0.19,139,30,34
936,103917,M,14013,11141,1105,1961,0.05,97,30,34
936,103917,M,12500,6450,549,2162,0.05,115,45,49
936,553917,F,9860,3960,1155,2834,0.05,152,30,34
936,103917,M,7933,9225,302,1394,0.07,95,30,34
936,553917,M,15594,5953,489,156,0.66,103,30,34
936,763417,F,1049,10772,689,2991,0.04,118,30,34
936,763417,F,1030,11114,1214,209,0.64,134,30,34
936,763917,F,12787,6524,1079,1917,0.08,156,45,49
936,763917,M,14205,6382,1395,1327,0.09,116,45,49
936,103918,F,1831,8753,913,2304,0.05,117,45,49
936,763417,F,1368,7918,445,457,0.38,173,45,49
936,763917,F,14463,8000,984,420,0.39,164,30,34
936,763417,F,15317,4800,532,2593,0.05,126,40,44
936,763417,F,9312,11459,655,2628,0.04,105,40,44
936,103918,F,2400,6459,1457,1377,0.12,171,40,44
936,763917,F,15999,4585,1575,1818,0.06,109,40,44
936,763417,F,14987,1101,845,288,0.28,82,35,39
936,763417,M,2843,2704,1136,148,1.09,161,35,39
936,763917,F,3396,9716,322,1009,0.14,139,45,49
936,103918,M,7641,8454,1590,647,0.28,179,35,39
936,103918,F,6578,8901,732,169,1.05,178,45,49
936,103918,M,3266,8635,539,787,0.12,92,45,49
936,763417,F,9593,6002,877,1641,0.06,98,35,39
936,763417,F,13381,7979,916,2693,0.03,93,35,39
936,763917,F,1762,4475,535,1096,0.09,100,45,49
936,103918,F,9242,2433,528,2108,0.08,176,30,34
936,103917,F,14172,6116,1495,1850,0.09,164,30,34
936,763417,M,1660,7540,717,2871,0.05,149,30,34
936,103917,F,3199,11200,1289,2905,0.05,158,30,34
936,763917,F,2199,2303,1418,2583,0.07,172,45,49
936,763417,M,4469,6951,749,1274,0.11,139,40,44
936,103917,F,10143,10429,1390,1661,0.05,80,40,44
936,103918,F,14463,11209,241,394,0.37,145,35,39
1178,763417,M,4836,9585,713,1029,0.09,90,30,34
1178,763417,M,4947,3656,302,2638,0.06,162,30,34
1178,763417,M,14612,6214,1000,1374,0.12,163,30,34
1178,763917,F,3576,9363,322,1189,0.14,165,30,34
1178,763417,F,1849,5338,1303,1283,0.11,136,30,34
1178,763917,F,2479,5189,1539,2564,0.04,114,30,34
1178,763917,M,8146,3365,365,1506,0.07,105,30,34
1178,103918,F,9632,1470,463,658,0.15,100,30,34
1178,553917,F,2862,5955,967,2491,0.07,179,30,34
1178,103917,F,6514,6333,1535,2463,0.05,122,30,34
1178,103918,M,7651,4543,341,2122,0.08,163,30,34
1178,763417,M,10778,3155,1119,2898,0.05,146,30,34
1178,553917,F,3438,11327,1427,1991,0.08,163,30,34
1178,103917,M,5179,10668,1022,1120,0.16,174,30,34
1178,763417,M,14108,3690,756,868,0.19,168,30,34
1178,103917,M,3908,8957,705,1265,0.11,141,30,34
1178,103917,F,2619,10824,722,373,0.26,98,30,34
1178,763917,F,1854,1947,1336,1024,0.17,169,30,34
1178,763917,F,3050,8591,424,2575,0.05,116,30,34
1178,103917,M,5660,5175,979,1061,0.14,151,30,34
1178,103917,F,14537,1223,1467,1581,0.06,97,30,34
1178,763917,M,12237,9862,1093,1101,0.13,146,30,34
1178,763917,F,14309,6179,1342,2436,0.04,100,30,34
1178,103918,F,5879,2654,507,1751,0.09,152,30,34
1178,553917,F,4428,11921,865,1401,0.11,150,30,34
1178,553917,F,16334,1387,1403,293,0.44,129,30,34
1178,763917,F,3868,4301,1145,1124,0.11,122,30,34
1178,103918,F,1914,2356,516,729,0.18,133,30,34
1178,553917,M,9716,11968,724,1758,0.09,154,30,34
1178,103917,F,5780,9373,614,1892,0.07,137,30,34
1178,763417,F,5502,7566,1560,187,0.93,174,30,34
1178,103917,F,6644,2726,227,1231,0.1,125,30,34
1178,553917,F,10804,7370,1439,1891,0.08,150,30,34
1178,763917,F,10276,8763,1164,979,0.16,154,30,34
1178,763417,F,8345,2038,354,428,0.36,156,30,34
1178,763917,F,5821,10027,1235,2343,0.05,112,30,34
1178,763417,M,13301,1787,233,2328,0.07,153,30,34
1178,103917,F,9859,6358,994,215,0.6,128,30,34
1178,103918,F,5051,5749,1127,240,0.48,116,30,34
1178,763917,M,8795,2483,380,1870,0.05,102,30,34
1178,763917,F,7591,6754,697,443,0.18,81,30,34
1178,763417,F,4088,4675,419,423,0.32,137,30,34
1178,103917,M,13013,11822,437,1601,0.08,126,30,34
1178,763917,F,1866,4703,1508,2077,0.05,99,30,34
1178,103918,M,5436,11362,1137,781,0.23,180,30,34
1178,103917,F,6123,3110,1148,151,0.96,145,30,34
1178,103917,M,13713,3558,402,106,1.68,178,30,34
1178,103917,M,15428,10463,1455,1821,0.06,114,30,34
1178,763417,F,15734,10243,810,563,0.17,93,30,34
1178,763417,M,1993,5313,459,2174,0.06,135,30,34
1178,763917,F,10868,2496,1226,1388,0.07,96,30,34
1178,103917,F,11751,6238,1497,746,0.19,145,30,34
1178,553917,F,7545,2757,580,1841,0.06,119,30,34
1178,763917,F,2228,6655,818,1085,0.1,107,30,34
1178,103918,M,1379,4549,756,2671,0.06,164,30,34
1178,553917,F,13122,2987,880,1492,0.1,156,30,34
1178,763417,F,13652,9940,660,1392,0.1,139,30,34
1178,763417,F,12824,5277,431,1818,0.05,96,30,34
1178,103918,M,10337,1690,1076,2331,0.05,112,30,34
1178,553917,F,14692,11497,1238,1971,0.08,167,30,34
1178,103918,F,9612,4105,770,725,0.15,108,30,34
1178,103917,F,10834,1867,808,1015,0.17,169,30,34
1178,763917,M,5440,2230,354,2734,0.05,130,30,34
1178,763417,F,2259,6007,997,1294,0.09,110,30,34
1178,763917,M,14648,4367,1353,1593,0.05,84,30,34
1178,763917,F,5167,6822,1469,1367,0.1,133,30,34
1178,103918,F,11662,3396,298,206,0.58,120,30,34
1178,553917,F,1300,10964,324,1335,0.12,159,30,34
1178,103918,F,10142,3550,956,308,0.35,108,30,34
1178,103917,F,10949,1412,226,1207,0.09,114,30,34
1178,763417,F,1290,11809,721,687,0.14,96,30,34
1178,763417,F,7881,1421,1580,1683,0.05,83,30,34
1178,103918,M,14086,8664,1355,1528,0.08,122,30,34
1178,103918,M,10062,5004,644,833,0.13,108,30,34
1178,763417,F,5161,2423,1480,785,0.21,166,30,34
1178,553917,F,3190,8875,919,908,0.1,94,30,34
1178,763917,F,9480,2016,1272,1306,0.06,84,30,34
1178,763417,F,13741,9785,967,1752,0.05,80,30,34
1178,763917,M,14444,5863,584,2915,0.04,122,30,34
1178,553917,F,8175,5465,1272,2502,0.05,130,30,34
1178,763417,F,5495,1011,600,1201,0.07,81,30,34
1178,763417,M,14799,2646,588,439,0.26,115,30,34
1178,763417,F,13242,7365,1580,2656,0.05,129,30,34
1178,763917,F,6346,3857,821,101,0.81,82,30,34
1178,103918,M,2564,9936,1500,1006,0.16,161,30,34
1178,763417,F,2313,10354,635,1573,0.06,100,30,34
1178,763917,F,2005,10212,1487,1129,0.16,176,30,34
1178,103918,F,16070,8759,398,2274,0.08,177,30,34
1178,763917,F,5096,6249,975,869,0.13,109,30,34
1178,763917,M,8265,8590,710,1243,0.14,170,30,34
1178,103918,F,15896,9721,439,2492,0.05,117,30,34
1178,103918,M,1146,1892,1431,1571,0.07,116,30,34
1178,763917,M,5586,11090,588,2013,0.08,169,30,34
1178,103918,M,14822,8708,260,2596,0.04,101,30,34
1178,763417,F,11704,3004,942,1911,0.08,157,30,34
1178,763917,M,10768,8022,785,1729,0.05,80,30,34
1178,763417,M,12659,5217,808,343,0.48,163,30,34
1178,763417,F,15140,9145,764,1383,0.11,148,30,34
1178,763917,F,6268,1623,294,1585,0.07,118,30,34
1178,763417,M,7340,1768,1226,2001,0.07,147,30,34
1178,763917,F,15353,9086,297,1290,0.09,113,30,34
1178,103918,F,8669,11586,272,1167,0.09,103,30,34
1178,763917,M,14513,2092,1132,1479,0.12,173,35,39
1178,553917,F,8947,3825,1373,2033,0.08,169,35,39
1178,763917,F,10938,10772,904,2429,0.06,153,35,39
1178,103918,M,6630,6228,210,358,0.4,143,35,39
1178,763917,F,8312,3008,618,1849,0.06,104,35,39
1178,763417,M,9109,8042,293,2125,0.08,167,35,39
1178,763417,F,5581,6046,1294,121,1.13,137,35,39
1178,763917,F,15417,2687,613,2696,0.03,93,35,39
1178,763417,F,4279,11711,1224,1622,0.05,85,35,39
1178,103918,M,11198,9602,1351,570,0.26,147,35,39
1178,763417,F,1332,4615,816,578,0.19,109,35,39
1178,103917,F,13303,5678,1010,1315,0.08,108,35,39
1178,103918,F,16351,5875,1395,569,0.22,123,35,39
1178,103917,F,2765,6086,1235,1467,0.12,171,35,39
1178,763417,M,6180,1018,1367,905,0.15,140,35,39
1178,763917,F,14906,1872,1543,540,0.33,180,35,39
1178,103917,M,16173,6323,603,987,0.16,155,35,39
1178,763917,F,12697,7881,496,2302,0.04,88,35,39
1178,103918,F,15283,3087,819,1157,0.15,169,35,39
1178,763417,M,9956,10050,796,1989,0.06,124,35,39
1178,103918,F,6310,3675,246,2569,0.05,124,35,39
1178,103917,M,6972,4622,495,2019,0.07,150,35,39
1178,103918,F,5484,8876,201,968,0.09,89,35,39
1178,763917,F,14948,5816,715,2977,0.05,147,35,39
1178,103918,F,14097,9078,1399,1073,0.15,166,35,39
1178,103917,F,7427,5370,743,1682,0.07,123,35,39
1178,763417,F,13796,7652,1565,944,0.11,107,35,39
1178,763917,F,14327,5767,1559,541,0.2,106,35,39
1178,103917,F,1716,7889,1414,2496,0.04,98,35,39
1178,763417,F,13275,7532,917,2272,0.05,122,35,39
1178,763917,F,8256,2441,1468,2968,0.05,136,35,39
1178,103918,F,5353,3044,589,1411,0.12,164,35,39
1178,763917,F,4132,11498,491,298,0.38,112,35,39
1178,103917,F,12185,5245,761,1028,0.09,94,35,39
1178,763917,F,9853,1841,792,718,0.23,163,35,39
1178,103917,F,8339,4549,507,2580,0.05,132,35,39
1178,103918,M,10932,1403,310,871,0.16,142,35,39
1178,103917,M,13599,3545,1085,1472,0.07,102,35,39
1178,553917,F,12666,8175,558,1302,0.08,110,35,39
1178,763917,F,1406,1414,1443,2837,0.04,120,35,39
1178,103918,F,6424,10277,702,2433,0.07,170,35,39
1178,763417,F,16445,9078,890,1461,0.11,157,35,39
1178,763917,F,8354,2387,764,197,0.62,122,35,39
1178,763917,F,7436,11383,1525,1938,0.09,166,35,39
1178,553917,M,12509,5178,1561,2238,0.07,165,35,39
1178,763417,F,12740,9188,1353,2784,0.03,88,35,39
1178,763417,F,14323,6182,1251,366,0.48,175,35,39
1178,553917,M,8296,8958,355,829,0.11,94,35,39
1178,763917,F,2297,3005,1221,2619,0.07,176,35,39
1178,103917,M,16076,6762,1079,1860,0.07,133,35,39
1178,103917,F,13094,7078,1307,1546,0.11,164,35,39
1178,763417,F,2942,6949,575,1291,0.07,94,35,39
1178,103917,F,14375,11794,1331,2504,0.04,97,35,39
1178,103917,F,15244,1593,1026,1861,0.05,86,35,39
1178,763917,F,9800,4872,1314,2299,0.06,142,35,39
1178,763417,F,5358,1360,1533,849,0.2,172,35,39
1178,103917,F,8288,11474,499,1908,0.06,113,35,39
1178,763917,F,13717,5254,1502,1411,0.1,143,35,39
1178,763417,M,13175,9508,1226,2953,0.03,90,35,39
1178,103918,M,2261,1590,1007,188,0.62,117,35,39
1178,763917,F,14958,1572,963,2276,0.04,84,35,39
1178,103918,M,10975,6171,682,264,0.45,120,35,39
1178,763917,M,6996,2616,833,1237,0.08,100,35,39
1178,103918,F,6397,1792,241,1678,0.1,170,35,39
1178,763917,F,14120,2404,357,501,0.33,163,35,39
1178,763917,F,12063,4114,388,2039,0.04,80,35,39
1178,103918,F,4615,7235,473,2241,0.04,86,35,39
1178,553917,F,8096,7915,1585,664,0.23,155,35,39
1178,103917,M,8252,2082,238,2520,0.06,158,35,39
1178,103918,F,3009,2114,210,2686,0.03,90,35,39
1178,103917,F,7022,10756,578,1455,0.07,105,35,39
1178,103917,F,8200,9559,1006,917,0.16,143,35,39
1178,763917,F,6062,3846,419,1769,0.08,148,35,39
1178,763417,F,14626,7838,835,1938,0.06,115,35,39
1178,103918,M,13781,11117,1341,2189,0.08,180,35,39
1178,103917,F,14253,5929,1303,2940,0.05,148,35,39
1178,103918,M,8162,9083,1550,498,0.23,116,35,39
1178,763917,F,1382,5958,257,1154,0.07,85,35,39
1178,103918,F,3692,1487,1501,2155,0.05,103,35,39
1178,763917,F,15241,9694,867,336,0.5,169,40,44
1178,763417,M,6442,1482,343,1873,0.07,124,40,44
1178,763417,F,5951,10979,852,1158,0.09,108,40,44
1178,763917,F,15674,10344,350,1241,0.08,100,40,44
1178,763917,F,6465,11003,919,2225,0.04,81,40,44
1178,103917,F,9358,4155,641,1770,0.05,81,40,44
1178,103917,F,3113,1765,1138,2347,0.07,155,40,44
1178,103918,F,4069,5391,1353,2542,0.05,138,40,44
1178,763917,M,6947,7157,434,2120,0.06,137,40,44
1178,763417,F,2006,8294,1053,1444,0.11,161,40,44
1178,763917,M,11135,6855,1494,315,0.33,104,40,44
1178,103917,F,15948,7332,621,457,0.37,167,40,44
1178,553917,F,7046,10539,1151,1209,0.13,161,40,44
1178,763917,F,7268,4658,1474,949,0.09,88,40,44
1178,763917,F,13760,5344,622,1110,0.08,91,40,44
1178,103918,F,15401,3721,247,397,0.3,121,40,44
1178,763417,M,12282,9765,829,2278,0.04,99,40,44
1178,103917,F,9656,9416,735,1062,0.11,119,40,44
1178,103917,F,12843,6225,1041,311,0.41,129,40,44
1178,763417,F,11425,4213,678,230,0.59,135,40,44
1178,763417,M,4553,8466,580,1364,0.07,96,40,44
1178,103918,F,2167,6052,781,663,0.19,124,40,44
1178,763917,F,14685,3893,751,1293,0.08,98,40,44
1178,763417,F,9624,2629,643,1543,0.05,81,40,44
1178,103917,M,10765,9908,967,2710,0.05,145,40,44
1178,763917,M,4983,2043,1316,1050,0.13,141,40,44
1178,103918,F,3942,10341,971,2997,0.03,88,40,44
1178,103918,M,12754,4663,1393,1654,0.06,91,40,44
1178,763917,M,1034,5030,902,717,0.14,100,40,44
1178,763417,M,9244,4241,1581,2560,0.06,150,40,44
1178,103918,M,1035,8052,585,2926,0.04,121,40,44
1178,103918,F,4547,7236,245,333,0.38,128,40,44
1178,103918,M,2919,6793,1559,332,0.34,114,40,44
1178,103917,M,16416,5818,871,687,0.12,81,40,44
1178,763917,M,8195,8757,800,1813,0.1,174,40,44
1178,763917,M,6709,8014,306,2036,0.04,85,40,44
1178,763417,F,10276,10990,878,370,0.26,95,40,44
1178,103917,F,7346,8368,489,639,0.22,143,40,44
1178,103918,F,2367,8171,1139,290,0.28,82,40,44
1178,763417,F,1629,8317,456,2250,0.08,178,40,44
1178,103917,M,8034,1666,1594,2314,0.07,167,40,44
1178,103917,M,9609,11547,990,1392,0.12,161,40,44
1178,103918,F,13866,7902,1219,1492,0.07,100,40,44
1178,553917,F,3040,8997,342,891,0.13,120,40,44
1178,103918,F,14884,7699,1308,2467,0.07,178,40,44
1178,103917,F,11049,2113,424,2126,0.07,152,40,44
1178,763917,F,1670,10181,1518,1300,0.11,141,40,44
1178,103918,F,4701,7540,1533,872,0.17,152,40,44
1178,763417,F,14471,2130,1376,1179,0.13,155,40,44
1178,763917,M,12168,6889,1053,1737,0.07,122,40,44
1178,103917,F,1465,9600,307,2206,0.06,143,40,44
1178,103917,F,4615,8053,1439,1546,0.1,155,40,44
1178,763917,F,2361,2582,297,433,0.23,101,40,44
1178,763917,F,5001,4742,1231,303,0.53,160,40,44
1178,763917,M,13463,4462,596,1047,0.16,168,40,44
1178,103917,M,6827,9189,777,2041,0.06,121,40,44
1178,553917,F,4662,7244,1371,875,0.1,85,40,44
1178,763417,M,2592,7671,724,1893,0.06,112,40,44
1178,763917,M,2703,7130,1565,282,0.5,140,45,49
1178,103917,M,7016,6365,1425,2940,0.03,84,45,49
1178,763917,M,2760,7486,434,744,0.22,163,45,49
1178,553917,F,10415,5135,918,1367,0.07,94,45,49
1178,763917,F,11981,3903,759,2600,0.04,115,45,49
1178,103918,F,6873,9931,651,246,0.71,175,45,49
1178,103918,M,10273,3904,451,2909,0.06,161,45,49
1178,763917,F,5742,3850,1544,1012,0.12,124,45,49
1178,763417,M,7634,2034,1017,342,0.25,87,45,49
1178,103917,F,13578,7341,572,121,0.81,98,45,49
1178,103918,F,7832,5404,838,194,0.55,107,45,49
1178,763917,F,14938,4052,1343,2181,0.05,119,45,49
1178,763417,M,8866,10144,750,1968,0.06,109,45,49
1178,103917,F,12751,9765,418,1514,0.08,121,45,49
1178,763917,M,1920,7792,284,1599,0.08,131,45,49
1178,103917,F,4013,11989,202,803,0.21,169,45,49
1178,103917,F,5834,2849,858,2518,0.05,138,45,49
1178,763917,F,9279,4310,423,1063,0.13,139,45,49
1178,553917,F,11997,7475,607,2875,0.03,86,45,49
1178,763917,F,12502,10680,1330,2133,0.05,110,45,49
1178,103917,M,10130,5001,1435,2757,0.04,98,45,49
1178,763917,F,7648,2886,1300,2155,0.08,165,45,49
1178,763417,F,10684,5787,555,510,0.21,106,45,49
1178,553917,F,5743,3277,1488,260,0.66,171,45,49
1178,103917,M,1818,3366,783,1657,0.11,174,45,49
1178,763917,F,11242,4157,454,1436,0.07,106,45,49
1178,763917,F,16305,2536,1330,2277,0.06,144,45,49
1178,763917,F,16152,10289,1164,2533,0.04,96,45,49
1178,103917,F,4552,10862,1043,2073,0.07,145,45,49
1178,763917,F,14448,10835,862,1713,0.07,113,45,49
1178,103917,M,14540,6741,868,1947,0.05,99,45,49
1178,103917,F,11781,5348,789,2033,0.05,95,45,49
1178,763417,F,3800,8013,1156,1332,0.1,127,45,49
1178,763917,F,7475,5050,663,1829,0.05,85,45,49
1178,763417,F,10967,7539,873,2593,0.04,96,45,49
1178,103917,F,3679,1061,730,2792,0.04,114,45,49
1178,103918,F,15540,9049,1582,167,0.79,132,45,49
1178,103918,F,9924,10242,322,1532,0.06,90,45,49
1178,103917,M,10212,7101,317,437,0.25,110,45,49
1178,763917,F,12515,6927,1244,2370,0.07,160,45,49
1178,763417,F,4253,6745,684,2697,0.06,165,45,49
1178,103918,M,2375,6005,333,1804,0.05,85,45,49
1178,763917,M,2371,4304,421,257,0.56,144,45,49
1178,763917,F,7833,10531,563,483,0.23,109,45,49
1178,103917,F,4352,11939,882,2928,0.04,124,45,49
1178,103918,F,2155,2339,1174,2002,0.04,86,45,49
1178,553917,F,12817,5478,1475,230,0.71,164,45,49
1178,763917,F,12025,2757,728,1062,0.08,82,45,49
1178,763417,M,5618,6246,1045,1457,0.11,158,45,49
1178,763417,F,3882,5626,381,1613,0.07,119,45,49
1178,103918,F,14912,10132,885,1275,0.1,129,45,49
1178,103918,F,8677,4857,1366,164,0.51,83,45,49
1178,763917,F,5474,5040,1091,1530,0.07,114,45,49
1178,103917,M,14981,3771,1531,685,0.24,161,45,49
1178,763917,M,8543,1463,678,2189,0.07,163,45,49
1178,103917,M,2407,3858,441,1863,0.09,167,45,49
1178,763917,F,8876,3029,420,864,0.11,95,45,49
1178,103917,F,8044,6164,221,2531,0.07,177,45,49
1178,103917,F,1806,6135,1541,2620,0.05,129,45,49
1178,553917,F,2608,10218,754,1819,0.1,177,45,49
1178,763917,F,10780,4418,346,1351,0.09,128,45,49
1178,763417,M,6208,9843,1499,2925,0.06,162,45,49
1178,103917,M,13496,6366,1483,1848,0.07,130,45,49
1178,103918,F,1184,8942,424,678,0.21,140,45,49
1178,103918,F,10573,10828,299,2945,0.04,131,45,49
1178,103918,F,9631,8251,1459,366,0.39,142,45,49
1178,103918,F,5965,10017,1522,183,0.76,139,45,49
1178,763917,M,6366,6720,296,1346,0.08,113,30,34
1178,763917,F,6538,7256,562,1772,0.05,84,30,34
1178,103918,M,13644,6560,652,2157,0.07,158,30,34
1178,103918,F,8202,6788,240,570,0.22,128,30,34
1178,103918,F,5109,2843,847,137,1.31,180,30,34
1178,763917,M,11270,11086,1203,1805,0.09,163,30,34
1178,763417,F,9322,6830,260,2261,0.08,179,30,34
1178,103918,F,1349,11562,935,2348,0.04,93,30,34
1178,103917,M,6288,9308,1306,1498,0.12,180,30,34
1178,763417,M,13143,8157,1559,432,0.3,128,30,34
1178,763417,F,5398,9801,442,1026,0.17,176,30,34
1178,103917,M,1647,3911,972,528,0.19,100,30,34
1178,103917,F,12019,5809,285,2893,0.03,100,30,34
1178,103918,F,11250,11716,1179,691,0.25,173,30,34
1178,103918,F,7336,1652,995,1896,0.05,91,30,34
1178,763417,F,11627,7148,1517,2866,0.05,135,30,34
1178,103917,F,6402,2489,353,462,0.2,92,30,34
1178,103918,F,12355,10176,1163,424,0.41,174,30,34
1178,103917,F,15292,11962,909,2949,0.03,91,30,34
1178,103917,F,2099,7814,823,1378,0.12,169,30,34
1178,103917,F,2788,9878,760,516,0.16,85,30,34
1178,763417,F,4214,10145,1436,2706,0.04,101,30,34
1178,763917,F,8286,4859,1497,2650,0.04,105,30,34
1178,763917,M,6312,2773,1484,902,0.12,112,30,34
1178,763917,M,7352,3335,1448,1419,0.12,174,30,34
1178,763417,F,7214,7163,216,2621,0.05,142,30,34
1178,553917,F,1061,10421,1024,259,0.48,125,30,34
1178,763917,F,1326,3273,1131,2721,0.06,173,30,34
1178,763917,F,11811,11005,230,1681,0.05,90,30,34
1178,103918,F,14541,6621,1458,1175,0.1,114,30,34
1178,553917,M,3886,8608,1451,2095,0.07,152,30,34
1178,103918,M,8447,3485,625,170,0.49,83,30,34
1178,763917,F,15500,3594,562,125,1.3,162,30,34
1178,763417,F,14151,6439,608,788,0.22,170,30,34
1178,763917,F,13953,3764,1130,277,0.49,137,30,34
1178,763417,M,5226,7194,1516,2655,0.05,143,30,34
1178,763917,M,15289,1177,1218,1947,0.07,139,30,34
1178,103918,F,10591,3789,1271,2250,0.04,87,30,34
1178,103917,F,12531,1691,354,2718,0.05,143,30,34
1178,763417,F,14766,9908,1178,1038,0.14,143,30,34
1178,103918,F,14947,3761,761,1115,0.09,99,30,34
1178,103918,F,7686,6769,1588,828,0.15,122,30,34
1178,103917,M,1128,1319,717,837,0.14,117,30,34
1178,103917,F,8230,4515,522,877,0.16,144,30,34
1178,763917,F,6008,11555,1570,1200,0.09,110,30,34
1178,763917,M,10888,9721,896,2781,0.05,133,30,34
1178,553917,F,10632,3670,840,1390,0.12,167,30,34
1178,103918,M,15149,11763,208,227,0.5,113,30,34
1178,763917,F,9579,7550,289,716,0.13,93,30,34
1178,763417,F,12524,6243,1348,2042,0.07,147,30,34
1178,103918,M,7747,4737,492,1593,0.07,114,30,34
1178,763417,M,14227,11518,1521,970,0.13,123,30,34
1178,763917,F,7150,9279,918,1499,0.11,167,30,34
1178,763417,F,6400,8394,1366,973,0.13,122,30,34
1178,103918,M,12973,9486,1325,746,0.2,147,30,34
1178,103918,F,14549,4682,385,1803,0.09,154,30,34
1178,763417,F,13617,4813,1377,505,0.28,142,30,34
1178,763417,M,14670,5459,1465,906,0.16,141,30,34
1178,103918,F,14890,1569,1273,1786,0.1,172,30,34
1178,763417,M,9134,3005,494,1494,0.11,158,30,34
1178,763417,F,14043,2212,752,2938,0.03,80,30,34
1178,763917,F,8010,10019,843,2054,0.04,90,30,34
1178,103917,M,5230,9090,1476,2235,0.06,135,30,34
1178,553917,F,10961,3393,538,432,0.2,86,30,34
1178,103918,F,12530,7345,1046,2472,0.06,148,30,34
1178,763917,M,2618,7789,861,238,0.5,120,30,34
1178,103918,F,1918,2379,990,2625,0.05,132,30,34
1178,763417,M,11119,2675,1314,976,0.09,85,30,34
1178,103917,F,11671,3024,1566,1322,0.13,166,30,34
1178,763417,M,5136,5203,712,2174,0.06,135,30,34
1178,763917,F,9169,3028,946,2246,0.06,141,30,34
1178,103918,F,10857,4781,584,2974,0.05,142,30,34
1178,103917,F,13046,3225,1148,1659,0.06,97,30,34
1178,763417,M,4001,10136,1384,1534,0.08,117,30,34
1178,763917,F,4228,10142,1209,1238,0.11,140,30,34
1178,763417,M,2829,11551,846,2046,0.07,152,30,34
1178,763917,F,2589,10893,881,929,0.11,100,30,34
1178,103917,M,12860,8145,481,1237,0.1,122,35,39
1178,103917,F,6895,4934,1576,1828,0.06,118,35,39
1178,763917,F,12403,2722,1137,1498,0.12,174,35,39
1178,763917,M,10360,11730,1026,1494,0.1,152,35,39
1178,763417,F,2485,2767,1174,2554,0.06,152,35,39
1178,103918,F,3202,3857,1343,1586,0.11,177,35,39
1178,103917,F,3397,978,1384,685,0.18,125,35,39
1178,103918,M,14802,3844,532,1193,0.11,132,35,39
1178,553917,M,1260,7257,1268,336,0.54,180,35,39
1178,763917,M,12437,2256,1208,667,0.22,150,35,39
1178,763917,F,14654,2573,868,2983,0.03,86,35,39
1178,553917,M,14538,9270,932,2330,0.03,81,35,39
1178,553917,F,11076,10825,1404,2576,0.05,131,35,39
1178,553917,F,16077,9945,1099,1729,0.1,169,35,39
1178,103918,M,14828,9090,436,2369,0.06,150,35,39
1178,103918,M,1015,4798,1094,1014,0.16,164,35,39
1178,763917,F,16062,2803,206,1131,0.12,137,35,39
1178,553917,M,9297,6195,1223,1773,0.07,117,35,39
1178,763417,F,6262,8422,632,1211,0.08,93,35,39
1178,553917,M,2951,3590,1293,1465,0.11,157,35,39
1178,103918,M,8344,11294,477,1121,0.08,88,35,39
1178,103918,F,13299,1738,1218,1716,0.1,180,35,39
1178,763417,F,15277,1609,686,323,0.44,142,35,39
1178,553917,F,9578,7134,937,1330,0.06,85,35,39
1178,763917,F,13045,11558,458,1999,0.07,143,35,39
1178,103918,M,3478,10956,1240,1891,0.07,133,35,39
1178,763917,F,15164,3781,1332,474,0.18,83,35,39
1178,763417,M,10499,9879,1456,104,1.41,147,35,39
1178,763917,F,5991,10036,546,2757,0.06,178,35,39
1178,763917,M,7824,8649,1330,1628,0.11,177,35,39
1178,763417,F,5086,11914,643,2642,0.06,152,35,39
1178,763417,M,3752,7648,916,1756,0.06,98,35,39
1178,763917,F,2086,10861,240,1041,0.16,166,35,39
1178,763917,M,11376,10092,977,1357,0.13,176,35,39
1178,553917,M,10030,5231,1038,1257,0.13,163,35,39
1178,103917,F,15203,10022,504,1890,0.06,121,35,39
1178,763917,F,8530,6281,1162,704,0.22,152,35,39
1178,103917,F,13673,1718,1106,678,0.17,113,35,39
1178,103918,F,6828,2824,1091,1406,0.1,146,35,39
1178,763917,F,11883,5525,643,2397,0.05,128,35,39
1178,763917,M,15516,10084,278,2234,0.07,151,35,39
1178,763917,F,7304,7665,226,1147,0.14,164,35,39
1178,103917,F,6184,2492,1427,954,0.12,118,35,39
1178,553917,F,9170,1463,277,2808,0.05,141,35,39
1178,763917,M,1728,11556,1399,2611,0.05,119,35,39
1178,103917,F,8959,9918,1438,277,0.32,89,40,44
1178,553917,F,1983,4241,1176,1024,0.17,174,40,44
1178,103917,M,8370,7989,678,2299,0.07,156,40,44
1178,763417,M,8405,3482,786,1448,0.08,115,40,44
1178,103918,F,14297,9570,847,1985,0.07,143,40,44
1178,103918,M,4037,4435,364,2454,0.04,98,40,44
1178,103918,M,13287,9693,1284,2038,0.08,170,40,44
1178,103918,F,1855,1661,1368,176,0.87,153,40,44
1178,763417,F,11458,5941,1302,189,0.9,171,40,44
1178,763917,M,7744,8296,324,386,0.36,140,40,44
1178,553917,M,14256,7647,1474,1266,0.07,85,40,44
1178,763417,F,3751,9243,1476,2279,0.04,80,40,44
1178,553917,F,14178,5571,1011,825,0.11,93,40,44
1178,763417,M,11980,10112,991,971,0.12,119,40,44
1178,103917,M,14852,8427,741,232,0.75,174,40,44
1178,763917,M,15629,7888,1378,2534,0.07,175,40,44
1178,763917,F,6668,10220,339,867,0.21,178,40,44
1178,553917,F,5322,2533,1532,1080,0.07,80,40,44
1178,763917,M,11073,11409,1505,895,0.14,128,40,44
1178,103917,F,8878,10306,214,2166,0.08,176,40,44
1178,103918,F,7821,11391,317,1017,0.16,160,40,44
1178,103918,M,6540,6698,843,1442,0.1,138,40,44
1178,763417,M,12787,7906,934,1711,0.1,170,40,44
1178,103917,F,12639,7649,1537,1725,0.1,172,40,44
1178,763917,F,14694,2315,737,2512,0.07,180,40,44
1178,763917,F,8505,9202,720,1532,0.08,120,40,44
1178,103917,F,9523,1984,1542,1377,0.07,96,40,44
1178,763917,F,8299,7371,316,179,0.97,173,40,44
1178,763917,M,2334,7794,1114,1013,0.17,173,40,44
1178,103917,F,11998,9463,456,583,0.26,152,40,44
1178,103917,M,2382,3371,1422,124,1.06,132,40,44
1178,763917,F,15916,5546,758,319,0.29,94,40,44
1178,103917,F,12650,4439,921,912,0.17,153,40,44
1178,763917,F,7087,1555,405,1462,0.11,168,40,44
1178,103918,M,13887,7040,1365,2970,0.04,113,40,44
1178,763917,F,1119,5265,392,324,0.4,129,40,44
1178,763917,M,15824,8416,1528,2578,0.05,117,40,44
1178,103918,F,5007,4826,1290,1896,0.06,117,40,44
1178,553917,F,14452,4948,790,317,0.3,95,40,44
1178,553917,M,1655,4246,1485,2868,0.05,148,40,44
1178,763917,F,6660,10220,533,1067,0.08,89,40,44
1178,553917,M,4173,7656,864,1170,0.13,154,40,44
1178,103918,F,14476,5830,805,1457,0.06,84,40,44
1178,103918,M,8437,3078,1247,2276,0.07,155,40,44
1178,103918,F,8242,9271,1254,1920,0.08,156,40,44
1178,103918,F,4668,7629,925,2067,0.04,92,40,44
1178,103917,M,2112,3392,369,2294,0.04,91,45,49
1178,763417,F,16016,4172,1559,1198,0.07,84,45,49
1178,763417,F,8905,5887,1534,771,0.22,167,45,49
1178,103918,F,13721,9374,746,1186,0.12,146,45,49
1178,763417,F,4781,10760,498,2442,0.04,103,45,49
1178,103917,F,11105,5254,244,1237,0.09,116,45,49
1178,103918,F,7220,1288,908,352,0.36,126,45,49
1178,763917,M,14859,9687,872,1086,0.14,155,45,49
1178,103917,F,7822,8937,1324,1471,0.07,110,45,49
1178,763917,F,6262,5794,1283,1689,0.09,145,45,49
1178,763917,F,4549,9005,382,1433,0.07,103,45,49
1178,763917,M,12581,8679,232,2759,0.06,173,45,49
1178,553917,F,8375,3326,936,1730,0.1,167,45,49
1178,103918,F,14550,6433,1335,1907,0.08,157,45,49
1178,763417,F,4131,6029,1275,2233,0.07,154,45,49
1178,103918,F,1014,2738,627,2103,0.07,139,45,49
1178,763917,F,8626,879,836,2173,0.04,82,45,49
1178,103917,M,14417,2318,791,1258,0.1,120,45,49
1178,763417,F,12734,7893,243,2662,0.07,178,45,49
1178,763917,F,15656,8910,1563,1662,0.1,160,45,49
1178,103917,F,11480,11476,1506,1600,0.08,132,45,49
1178,103917,F,7253,6436,653,2988,0.03,101,45,49
1178,763917,F,5543,7903,775,564,0.29,165,45,49
1178,103918,F,9905,4065,1025,2562,0.04,99,45,49
1178,763417,F,3991,9166,479,1389,0.09,121,45,49
1178,763917,F,5935,9369,1053,2292,0.05,123,45,49
1178,103917,F,8734,1292,1066,1637,0.11,179,45,49
1178,763917,F,12660,8726,745,436,0.33,143,45,49
1178,763917,F,11002,2210,203,2992,0.05,150,45,49
1178,763917,F,1859,2591,399,2160,0.07,147,45,49
1178,763417,F,9055,6258,978,652,0.13,82,45,49
1178,763417,F,2358,4695,1043,2112,0.05,103,45,49
1178,103917,F,15461,3198,1008,2110,0.07,158,45,49
1178,103918,M,4826,1855,1172,771,0.12,93,45,49
1178,103917,F,5206,4604,1384,1626,0.07,108,45,49
1178,103917,F,4876,8427,981,1116,0.11,119,45,49
1178,763417,M,4200,5318,606,1330,0.1,134,25,29
1178,763917,M,10744,10193,394,2615,0.04,93,25,29
1178,103917,M,1926,10269,975,2442,0.06,141,25,29
1178,763917,F,11237,9264,568,1286,0.07,86,25,29
1178,103918,F,12220,5130,1564,223,0.77,171,25,29
1178,763917,M,1481,11818,364,1576,0.05,80,25,29
1178,763917,M,5376,3861,1200,2848,0.06,167,25,29
1178,763917,F,12148,8740,300,2085,0.08,158,25,29
1178,763417,M,13529,2037,884,2877,0.06,171,25,29
1178,103918,M,13270,7876,1129,2930,0.05,144,25,29
1178,103918,F,7236,3969,958,2072,0.07,155,25,29
1178,763917,F,16341,3449,1010,462,0.32,147,25,29
1178,763917,F,13077,7671,621,2809,0.04,103,25,29
1178,763417,F,2375,5440,796,2492,0.07,164,25,29
1178,103917,F,9846,9365,1276,1782,0.1,175,25,29
1178,103917,F,1722,7364,1448,269,0.62,168,25,29
1178,763417,F,11584,11318,1563,883,0.19,171,25,29
1178,103918,F,6816,9926,608,2109,0.08,175,25,29
1178,103918,M,4743,1176,692,1454,0.08,123,25,29
1178,763417,M,1321,1250,1564,690,0.22,154,25,29
1178,103917,F,14695,7261,571,2987,0.03,89,30,34
1178,103918,F,5670,11442,760,2316,0.05,118,30,34
1178,763917,M,14621,5332,1511,2566,0.05,132,30,34
1178,763917,F,4453,1363,1421,575,0.18,102,30,34
1178,763917,M,2442,2715,480,2380,0.05,117,30,34
1178,103918,F,5055,11088,1285,133,1.29,171,30,34
1178,763417,F,6933,10454,1352,827,0.2,162,30,34
1178,763917,F,10517,2421,498,2823,0.03,90,30,34
1178,763917,F,4325,7054,1373,2495,0.06,159,30,34
1178,763917,F,16114,1414,272,2175,0.06,138,30,34
1178,553917,F,3781,9103,1430,1332,0.08,108,35,39
1178,763917,F,5728,6315,986,408,0.37,149,35,39
1178,763917,M,8061,6974,1180,2821,0.06,165,35,39
1178,763417,F,5801,11492,311,1200,0.14,172,35,39
1178,763417,M,1150,1845,1301,2255,0.04,88,35,39
1178,553917,F,12040,6746,1389,2187,0.08,167,35,39
1178,763917,F,9143,3745,1257,2812,0.03,84,35,39
1178,553917,M,15033,11124,877,1778,0.09,157,35,39
1178,103917,F,6145,8244,544,794,0.13,105,35,39
1178,103918,F,8385,5086,693,1938,0.07,134,35,39
1178,763917,F,6789,2919,1065,882,0.1,90,35,39
1178,103917,F,1171,7272,1090,1429,0.12,169,40,44
1178,103917,F,15092,3535,579,487,0.22,105,40,44
1178,763917,M,12786,10653,757,2799,0.06,164,40,44
1178,103917,F,14160,8704,428,2338,0.04,83,40,44
1178,103918,M,6551,8954,1418,1763,0.08,147,40,44
1178,103917,F,10116,5899,934,2859,0.05,151,40,44
1178,103918,M,2208,10752,597,1109,0.11,127,40,44
1178,553917,F,14402,2127,264,1379,0.07,101,40,44
1178,553917,F,13634,3287,444,1575,0.09,144,40,44
1178,103918,F,8776,11374,1184,2177,0.07,151,40,44
1178,763917,F,6936,4055,1138,489,0.21,103,40,44
1178,103918,F,3082,11038,1246,207,0.48,100,45,49
1178,763417,F,1584,6093,290,834,0.22,180,45,49
1178,103918,F,15287,4323,698,333,0.34,112,45,49
1178,103918,F,12543,5339,310,1696,0.09,149,45,49
1178,763917,F,5967,5206,1038,1429,0.11,154,45,49
1178,763417,F,5914,6323,1309,1885,0.08,158,45,49
1178,103917,F,13026,1808,404,2029,0.06,122,45,49
1178,763917,M,9888,10520,1545,1006,0.14,144,45,49
1178,103918,F,8348,5841,1517,2198,0.05,120,45,49
1178,763417,F,6497,9859,1017,279,0.6,167,45,49
1178,103917,F,7262,5755,917,1069,0.13,136,45,49
1178,103917,M,1365,11689,513,1957,0.05,97,30,34
1178,763917,F,16198,10319,1557,2117,0.07,138,30,34
1178,763917,F,12605,4778,349,766,0.15,114,30,34
1178,763417,F,8332,5577,1402,1840,0.05,90,30,34
1178,763417,M,14912,3848,245,702,0.22,153,30,34
1178,103917,M,13934,873,296,1749,0.06,101,30,34
1178,103918,F,9716,6743,1563,214,0.65,140,30,34
1178,763417,F,2517,11753,1493,2637,0.05,142,30,34
1178,103917,F,2580,9733,410,736,0.21,156,30,34
1178,103918,F,15842,11024,804,1603,0.08,122,30,34
1178,763917,M,8189,10832,1109,2266,0.07,161,30,34
1178,763417,F,2877,11884,1191,2438,0.06,148,30,34
1178,103917,F,8236,7376,323,231,0.51,117,35,39
1178,763917,M,7936,7305,925,2624,0.04,116,35,39
1178,103917,M,9941,7792,1341,1605,0.07,119,35,39
1178,103917,F,3994,4958,793,1637,0.09,148,35,39
1178,553917,M,9161,4888,1400,1019,0.14,145,35,39
1178,553917,F,2536,1640,925,1790,0.05,82,35,39
1178,763417,F,6582,8669,1396,384,0.28,108,35,39
1178,553917,F,12858,2028,515,822,0.21,170,35,39
1178,103918,M,11618,1874,434,612,0.27,167,35,39
1178,103918,M,5267,11773,595,2557,0.05,139,35,39
1178,103918,F,9500,1287,1410,2755,0.03,81,35,39
1178,763917,F,6516,823,370,695,0.13,90,35,39
1178,763917,M,1617,10238,914,1244,0.11,132,25,29
1178,103917,M,4410,11212,668,456,0.3,136,25,29
1178,763417,M,7638,2380,611,1761,0.1,168,25,29
1178,763417,M,8600,11014,669,2300,0.04,82,25,29
1178,763917,F,1317,9950,1135,1324,0.11,141,25,29
1178,103917,F,4205,8202,878,2979,0.05,138,25,29
1178,103917,F,8729,7754,329,2862,0.05,129,25,29
1178,103918,F,8967,2033,989,2988,0.06,170,25,29
1178,103918,M,15199,9422,1408,211,0.51,107,25,29
1178,103917,F,8608,10689,541,2398,0.07,179,25,29
1178,763417,M,14481,1514,230,1115,0.13,148,25,29
1178,103917,F,2386,6480,267,126,1.25,158,25,29
1178,763417,F,5812,10835,1491,549,0.23,125,25,29
1178,763917,M,14912,2627,1202,419,0.32,132,25,29
1178,103917,M,10177,9458,1071,2785,0.05,128,25,29
1178,763917,F,9570,4791,321,2292,0.06,139,25,29
1178,553917,F,7533,3509,964,1565,0.06,97,25,29
1178,763917,F,1286,11194,1448,2646,0.07,175,25,29
1178,763917,M,8371,9078,429,1424,0.12,167,25,29
1178,103918,F,8231,4318,1107,622,0.15,93,25,29
1178,103917,M,6421,3072,245,1282,0.1,125,25,29
1178,763417,F,7378,7852,617,2921,0.05,140,25,29
1178,763917,F,14284,11009,1337,2567,0.06,158,25,29
1178,763917,F,10951,7290,251,478,0.21,101,25,29
1178,763917,M,5372,1559,972,1615,0.11,173,25,29
1178,103917,F,14994,2000,1303,2863,0.06,159,25,29
1178,103918,M,4198,1184,378,463,0.32,147,25,29
1178,103918,M,10756,3089,420,1318,0.1,128,25,29
