ad_id,lia_campaign_id,google_campaign_id,age,gender,Impressions,Engagement,Interactions,CTR,Cost_Conversion,Spent
708746,916,763417,30-34,female,5938,9398,1222,1252,"0,11",134
708749,916,763417,30-34,female,7058,1662,450,2450,"0,07",160
708771,916,103917,30-34,female,2012,5533,1207,103,"1,35",139
708815,916,763417,30-34,female,10321,2665,990,2265,"0,05",110
708818,916,103918,30-34,female,5317,3981,1070,1473,"0,05",81
708820,916,103918,30-34,female,13825,4223,959,2799,"0,04",108
708889,916,763417,30-34,female,4029,2651,392,292,"0,54",158
708895,916,103918,25-29,male,5533,4907,776,475,"0,27",130
708953,916,763917,25-29,male,10551,5819,1096,1902,"0,05",103
708958,916,103917,25-29,female,15545,3202,377,1490,"0,12",177
708979,916,103918,25-29,female,4402,7393,1181,2028,"0,05",111
709023,916,103918,25-29,male,3099,6246,1447,1403,"0,12",174
709038,916,103917,25-29,male,8911,5153,702,1051,"0,14",146
709040,916,763917,25-29,female,3440,4339,424,611,"0,22",135
709059,916,103917,25-29,female,8844,5350,695,1477,"0,06",92
709105,916,763917,25-29,female,1325,11513,754,187,"0,57",106
709115,916,103918,25-29,female,12370,11953,283,2288,"0,07",171
709124,916,763417,30-34,male,6491,8061,640,923,"0,17",153
709179,916,103918,35-39,female,11666,4096,1140,2934,"0,06",168
709183,916,763917,35-39,male,8252,11932,441,1625,"0,06",96
709320,916,103917,35-39,female,5528,11872,519,118,"1,03",121
709323,916,763917,35-39,female,3843,8057,899,1110,"0,14",152
709326,916,763917,35-39,female,13544,3793,1265,217,"0,38",82
709327,916,103918,35-39,female,5612,6458,349,2313,"0,07",161
709328,916,763417,35-39,female,2663,825,1559,238,"0,64",153
709455,916,763417,35-39,female,13258,2614,257,2617,"0,06",154
709544,916,763417,35-39,female,10552,9780,325,237,"0,76",179
709614,916,103918,40-44,female,3037,3003,573,2268,"0,05",123
709756,916,103918,40-44,male,1986,2875,816,2112,"0,06",127
709761,916,103917,40-44,female,12790,5901,499,952,"0,09",90
709899,916,763917,40-44,male,6829,2721,1262,488,"0,21",101
709901,916,763417,40-44,female,4504,9362,665,433,"0,29",125
710045,916,763917,45-49,female,9559,2119,1307,2044,"0,08",173
710088,916,103917,45-49,female,8165,4233,715,1870,"0,08",152
710360,916,763917,45-49,female,15103,8225,750,1045,"0,1",104
710477,916,763917,30-34,male,9979,9677,551,1361,"0,11",147
710480,916,103918,30-34,female,12036,3234,650,2444,"0,05",110
710571,916,103917,30-34,female,12783,9758,432,1164,"0,15",179
710617,916,763417,30-34,female,10800,1783,1320,1755,"0,1",180
710623,916,763917,30-34,female,11632,6652,312,561,"0,3",171
710628,916,763417,30-34,male,15506,2808,897,319,"0,55",177
710682,916,553917,30-34,female,7009,3298,1290,1406,"0,1",144
710763,916,763417,30-34,male,5005,3966,1261,2811,"0,04",114
710836,916,763417,30-34,male,13371,11597,553,2062,"0,05",99
710867,916,763417,30-34,female,14127,5458,524,908,"0,15",134
710880,916,763917,30-34,male,3389,7012,520,266,"0,38",101
710961,916,103917,35-39,female,8750,1799,1371,1585,"0,08",126
710968,916,763917,35-39,female,1875,11096,450,2710,"0,04",109
711217,916,763417,35-39,female,14570,10907,743,2888,"0,06",161
711623,916,763917,25-29,female,9574,5152,857,1016,"0,09",88
711764,916,763917,25-29,male,8884,8059,1499,2789,"0,04",103
711785,916,763417,25-29,male,7128,4866,807,194,"0,42",82
711877,916,553917,25-29,male,12948,4379,1253,778,"0,13",98
712052,916,103917,25-29,female,5204,9573,456,2250,"0,07",167
734209,936,763917,30-34,male,1713,8709,565,1978,"0,08",164
734210,936,763417,30-34,male,11844,3952,956,2116,"0,08",167
734215,936,103918,30-34,female,14420,10740,1350,132,"1,01",133
734243,936,103918,30-34,female,9655,5807,1259,828,"0,19",160
734266,936,763417,30-34,male,6592,1224,240,2224,"0,07",155
734272,936,553917,30-34,female,5498,6503,1191,1183,"0,13",158
734290,936,763417,30-34,female,11548,10043,1091,1289,"0,08",98
734313,936,103918,30-34,female,7410,10593,662,2348,"0,07",155
734314,936,763917,30-34,female,9257,908,745,177,"0,53",93
734352,936,763917,35-39,female,8021,4451,1292,801,"0,17",136
734361,936,103918,35-39,female,8741,11413,970,2607,"0,06",147
734381,936,763417,35-39,female,2006,6770,717,1818,"0,07",136
734399,936,763417,35-39,male,10481,9536,957,929,"0,1",97
734418,936,763917,35-39,female,6978,7212,1591,2331,"0,04",104
734421,936,103918,35-39,male,14689,6447,524,2573,"0,04",112
734427,936,553917,35-39,female,5304,11667,1192,1265,"0,08",103
734433,936,763417,35-39,female,4412,7756,1267,607,"0,15",89
734582,936,103917,40-44,female,10905,10090,382,557,"0,28",156
734605,936,763917,40-44,female,11677,896,871,3000,"0,03",104
734660,936,103917,45-49,male,10487,9212,1066,2392,"0,07",168
734666,936,763417,45-49,male,7444,4962,1332,1840,"0,09",164
734726,936,103918,45-49,female,14208,9381,317,1805,"0,06",102
734737,936,763417,45-49,male,1991,5990,687,2185,"0,04",93
734785,936,763917,30-34,male,14478,6110,246,681,"0,26",176
734794,936,103918,30-34,female,9021,1763,1316,1183,"0,08",90
734796,936,763917,30-34,male,6307,2043,1378,1398,"0,12",173
734800,936,763917,30-34,male,1779,1784,1534,1488,"0,09",127
734803,936,763917,30-34,female,10559,8851,1189,2201,"0,04",91
734852,936,763917,30-34,female,5457,6755,1303,2366,"0,05",119
734854,936,763917,30-34,female,14959,9979,821,711,"0,17",124
734856,936,103918,30-34,female,14795,5055,1321,849,"0,12",99
734866,936,103917,30-34,female,14268,8298,1248,219,"0,44",96
734881,936,763417,30-34,female,6113,4239,1024,753,"0,19",143
734901,936,763417,30-34,female,15899,11178,909,1222,"0,14",175
734903,936,103918,30-34,male,14345,1967,1484,2234,"0,05",120
734925,936,763917,35-39,female,10673,4554,1142,1866,"0,05",87
734939,936,763917,35-39,female,13686,11975,1467,2261,"0,07",155
734968,936,763917,35-39,female,3703,3654,884,189,"0,6",113
734999,936,763917,35-39,female,8510,7380,333,906,"0,2",180
735014,936,103917,35-39,female,9424,9078,1337,2355,"0,07",161
735032,936,763417,35-39,female,11850,11702,1433,2694,"0,04",105
735033,936,103918,35-39,male,5407,7765,220,1863,"0,06",108
735043,936,103918,35-39,female,4835,6664,983,2610,"0,07",179
735048,936,763917,35-39,female,2937,2852,1236,2527,"0,04",101
735065,936,763917,25-29,female,6106,2334,495,488,"0,27",134
735109,936,103917,25-29,female,3158,5739,465,1950,"0,05",101
735140,936,103918,25-29,female,9650,4655,1571,2027,"0,05",100
735143,936,763417,25-29,female,15355,8830,332,512,"0,28",145
735151,936,553917,25-29,female,2409,2836,898,1963,"0,07",137
735184,936,103918,25-29,male,10307,7983,282,1333,"0,1",127
735189,936,103917,25-29,female,9026,1848,572,337,"0,38",129
735213,936,763917,25-29,male,8858,3351,272,1145,"0,14",160
735220,936,553917,25-29,female,15471,8497,521,656,"0,22",147
735242,936,103918,25-29,male,2528,8033,249,1126,"0,09",96
735247,936,763417,25-29,female,4578,8205,1363,2356,"0,04",97
735289,936,103917,25-29,female,8646,2587,934,1767,"0,05",87
735290,936,103917,25-29,male,15080,8509,1294,1668,"0,06",103
735298,936,103917,25-29,female,10159,9117,755,2087,"0,05",114
736869,936,103917,25-29,female,13338,2733,1598,1004,"0,1",97
736890,936,553917,30-34,male,15799,8848,290,1421,"0,12",177
736893,936,553917,30-34,female,12318,2954,430,1838,"0,07",123
736977,936,763917,30-34,female,12096,7072,1184,1633,"0,07",121
736988,936,763917,30-34,female,13896,4368,357,2372,"0,07",167
736995,936,763917,30-34,female,12468,7193,693,2847,"0,04",105
736997,936,103917,30-34,female,2706,6207,1303,1529,"0,06",89
737097,936,763417,35-39,male,1185,6527,632,2048,"0,04",88
737130,936,103917,35-39,female,6722,5331,815,380,"0,35",132
737320,936,763917,35-39,female,6691,5936,335,2906,"0,04",116
737375,936,103918,40-44,female,2602,11454,723,1614,"0,06",90
737524,936,763917,40-44,male,3629,984,1565,840,"0,13",109
737644,936,103918,45-49,female,4257,11461,702,786,"0,18",140
737657,936,103918,45-49,female,9820,10495,441,1303,"0,12",161
737658,936,553917,45-49,female,16496,7835,663,2815,"0,04",105
737674,936,103918,45-49,female,7496,1094,1514,2590,"0,04",93
737766,936,553917,45-49,male,7327,9153,902,832,"0,17",145
737896,936,103918,30-34,female,10399,10292,1303,1218,"0,12",149
737931,936,553917,30-34,female,6400,6903,579,1204,"0,07",82
737961,936,103918,30-34,male,6008,10601,1231,1306,"0,13",173
737995,936,763417,30-34,female,6292,4522,778,1525,"0,07",104
738006,936,103917,30-34,female,1457,5383,995,2614,"0,05",118
738067,936,763417,30-34,female,9568,7010,340,2606,"0,04",110
738098,936,103918,30-34,female,7788,9441,842,1661,"0,07",110
738307,936,103918,35-39,female,16063,1886,266,2935,"0,05",142
738389,936,103917,40-44,female,11020,4847,850,1102,"0,12",134
738408,936,763417,40-44,female,2504,3696,292,356,"0,4",143
738413,936,103918,40-44,male,9297,4146,360,730,"0,14",102
738423,936,103917,40-44,female,5172,3328,1472,2257,"0,07",169
738436,936,103918,40-44,female,2228,5438,931,2103,"0,06",127
738463,936,103918,40-44,female,14534,3610,808,202,"0,52",105
738528,936,103917,40-44,female,6202,2401,565,1891,"0,09",163
738560,936,103917,40-44,male,8026,1288,1488,1115,"0,13",141
738582,936,103917,45-49,male,7774,5029,1161,1276,"0,09",113
738592,936,763417,45-49,female,5129,11615,204,2328,"0,07",172
738593,936,763417,45-49,female,16397,10778,301,1917,"0,09",172
738598,936,103918,45-49,male,11248,5882,458,2362,"0,07",176
738606,936,763417,45-49,female,5899,9010,1544,2519,"0,05",136
738637,936,763417,45-49,female,10709,1310,902,1580,"0,1",161
738648,936,763917,45-49,male,14893,2460,1040,419,"0,22",91
747212,936,553917,30-34,female,14670,5946,1079,1279,"0,1",125
747213,936,763917,30-34,female,9508,6465,833,664,"0,14",90
747220,936,763417,30-34,female,8779,4035,210,679,"0,16",110
747222,936,553917,30-34,female,11764,5481,238,1171,"0,12",138
747223,936,103917,30-34,female,9047,1250,401,2254,"0,05",116
747248,936,103917,30-34,female,14440,4507,290,1193,"0,1",125
747332,936,763917,30-34,female,9512,11052,1532,2660,"0,03",83
747362,936,763417,35-39,female,14249,2427,742,432,"0,28",122
747369,936,103918,35-39,female,12423,11741,608,794,"0,2",158
747370,936,763917,35-39,male,15226,10152,1370,912,"0,14",125
747401,936,103917,35-39,female,6256,1996,1458,1545,"0,11",168
747435,936,103917,35-39,female,8092,1812,634,1251,"0,07",83
747439,936,763917,35-39,female,13802,7173,1242,1519,"0,07",109
747489,936,103918,25-29,female,14616,11689,530,377,"0,27",103
747514,936,763917,25-29,male,6899,6588,616,2555,"0,05",136
747645,936,763417,25-29,female,7081,8866,320,1005,"0,16",157
747659,936,103917,25-29,female,3886,7269,1163,2457,"0,07",165
747675,936,103918,25-29,female,4916,9279,273,1128,"0,08",94
747678,936,763917,25-29,male,9607,8866,1020,2368,"0,05",127
747712,936,763417,25-29,female,10172,7778,946,2955,"0,04",126
747790,936,763917,25-29,male,3556,2299,365,1099,"0,11",124
747791,936,763417,25-29,female,5596,10961,1355,2222,"0,05",114
747795,936,103918,25-29,female,13638,5060,1019,2902,"0,06",167
747798,936,103918,30-34,female,7952,1349,1430,879,"0,18",156
747824,936,763917,30-34,male,15088,9858,888,1342,"0,12",165
747828,936,103918,30-34,female,15344,3893,490,1797,"0,09",170
747852,936,763417,30-34,female,7737,3551,1459,2520,"0,03",84
747859,936,553917,30-34,female,2583,6946,450,2625,"0,04",92
747863,936,103917,30-34,female,10274,6494,946,1060,"0,08",83
747879,936,763417,30-34,female,14673,7468,228,2849,"0,05",144
747903,936,763917,30-34,male,6018,11529,362,2389,"0,05",110
747911,936,103917,30-34,female,14216,4660,993,321,"0,3",95
747968,936,103917,35-39,female,15131,5011,300,219,"0,43",95
747991,936,763417,35-39,female,7313,11615,518,763,"0,17",127
748000,936,763917,35-39,male,15242,1394,1560,120,"0,99",119
748007,936,763917,35-39,female,9693,6493,1571,388,"0,36",141
748014,936,103917,35-39,male,6230,5443,1133,619,"0,28",171
748045,936,553917,35-39,male,11059,9173,930,644,"0,2",127
748086,936,763417,25-29,male,15551,6019,584,2044,"0,09",175
748087,936,103917,25-29,male,9206,3395,1437,454,"0,26",119
748089,936,763917,25-29,female,1001,2153,804,2598,"0,07",173
748091,936,763417,25-29,female,9832,11774,1240,2576,"0,03",88
748225,936,763917,25-29,female,14429,4301,654,2639,"0,03",88
748230,936,553917,25-29,male,1353,6262,1459,1469,"0,11",168
748231,936,763917,25-29,male,16370,1031,1490,2109,"0,05",114
748233,936,763917,25-29,female,3608,3312,1417,2746,"0,03",93
748235,936,763917,25-29,female,6514,8820,1228,2843,"0,04",107
748294,936,103918,25-29,female,5370,2503,440,142,"0,77",110
748295,936,763417,45-49,female,13621,7882,392,2808,"0,06",173
748303,936,763417,45-49,female,7443,9593,1464,2344,"0,07",155
748314,936,763917,45-49,male,14842,11646,318,1253,"0,08",94
748341,936,103918,45-49,female,10530,3340,1316,2332,"0,06",148
776318,936,763917,25-29,female,7674,1301,1245,915,"0,15",139
776322,936,763417,25-29,female,7665,7239,998,2824,"0,04",101
776323,936,763917,25-29,male,15636,4978,1020,1048,"0,12",121
776325,936,553917,25-29,male,15050,2432,1037,2872,"0,06",163
776334,936,763917,25-29,female,10122,807,680,1960,"0,07",132
776336,936,763917,45-49,female,1870,6580,758,1649,"0,05",88
776338,936,763917,45-49,female,8995,8691,1555,1783,"0,1",178
776353,936,553917,40-44,female,11491,3849,296,565,"0,31",175
776373,936,103917,45-49,female,9451,1864,479,2212,"0,05",106
776383,936,763917,45-49,female,4150,3621,743,2574,"0,06",147
776405,936,763917,45-49,female,9021,4534,430,1990,"0,07",132
776416,936,553917,45-49,male,10959,7575,720,377,"0,33",124
776430,936,103917,30-34,female,1729,5996,551,1021,"0,1",106
776464,936,763917,45-49,female,1027,2139,462,1709,"0,09",150
776469,936,763917,45-49,female,9896,8876,1538,2725,"0,04",118
776473,936,103917,30-34,female,10059,5223,1389,1394,"0,08",116
776475,936,763917,30-34,female,7848,2196,493,1580,"0,11",168
776476,936,763417,30-34,male,2335,9617,811,2173,"0,07",149
776477,936,763917,30-34,female,15875,2639,1064,1153,"0,09",102
776489,936,103918,45-49,female,4299,10319,1088,1988,"0,07",136
776494,936,103918,30-34,female,2452,11471,1056,1299,"0,1",124
776515,936,103918,45-49,female,2278,8599,1133,882,"0,11",94
776519,936,103917,45-49,female,3292,5100,1358,160,"1,04",167
776533,936,763917,45-49,female,10797,4704,1023,280,"0,33",91
776534,936,763917,45-49,female,14258,2259,576,780,"0,16",122
776538,936,103918,30-34,female,11660,5994,1527,1653,"0,09",151
776551,936,763917,30-34,female,1873,9706,891,1125,"0,12",132
776552,936,763417,30-34,female,15823,7792,1576,2493,"0,04",99
776553,936,103918,30-34,female,4206,9622,340,2734,"0,05",130
776563,936,103917,30-34,female,9728,8632,644,1171,"0,07",85
776579,936,763917,30-34,female,7996,1571,1522,1425,"0,08",119
776603,936,763417,30-34,female,10363,2905,279,2967,"0,05",143
776615,936,763917,45-49,female,13658,6099,938,125,"1,14",143
776623,936,763417,45-49,female,10794,3812,1379,814,"0,11",88
776631,936,103918,40-44,female,2972,10926,1455,231,"0,54",125
776643,936,103918,30-34,female,13519,10386,1319,2459,"0,05",134
776644,936,103917,30-34,female,11856,1153,1163,2732,"0,04",112
776659,936,103918,30-34,male,5218,10888,283,2965,"0,03",89
776661,936,763917,30-34,male,7459,9337,1545,1127,"0,11",124
776662,936,103917,30-34,female,15179,7777,367,2952,"0,05",159
776663,936,103918,30-34,female,14309,5862,919,2460,"0,05",111
776668,936,103917,40-44,female,6057,2639,891,469,"0,22",103
776685,936,103918,40-44,female,5780,8505,1564,2542,"0,05",117
776686,936,763917,40-44,female,3009,3967,1380,1349,"0,09",116
776687,936,103917,40-44,male,5018,3622,652,1891,"0,07",140
776696,936,763417,30-34,female,13528,3999,1349,2808,"0,05",142
776697,936,763917,30-34,female,15694,3449,700,1493,"0,12",175
776698,936,763917,30-34,female,7897,2234,1343,2422,"0,06",155
776699,936,763917,30-34,female,5604,866,1525,654,"0,28",180
776722,936,553917,30-34,female,11642,11511,624,2789,"0,04",121
776725,936,763417,40-44,female,10011,11558,1309,1044,"0,14",147
776780,936,553917,40-44,male,11054,9663,1299,518,"0,22",116
776793,936,103917,45-49,female,7373,8613,986,507,"0,16",82
776799,936,103918,45-49,female,3202,3991,314,1007,"0,11",106
776817,936,763417,40-44,male,1980,10532,1563,153,"0,8",123
776825,936,763417,45-49,male,8038,9565,1020,965,"0,15",144
776829,936,763917,45-49,female,6738,8386,720,2469,"0,06",150
776831,936,763917,45-49,male,4989,4224,1544,503,"0,21",106
776840,936,763917,35-39,female,14905,9404,1420,2512,"0,04",109
776861,936,103917,45-49,male,1008,7108,1096,1692,"0,09",157
776892,936,763917,40-44,female,14079,2384,1530,2352,"0,07",159
776928,936,103917,35-39,female,3790,855,760,506,"0,36",180
776935,936,763917,45-49,female,7198,5441,1507,2700,"0,05",132
777105,936,763917,45-49,female,4051,1498,1177,1840,"0,07",132
777130,936,763417,35-39,female,5244,3175,1027,2336,"0,06",136
777131,936,763917,35-39,female,7543,8150,950,567,"0,31",175
777166,936,103917,30-34,female,16386,11612,1492,910,"0,15",135
777187,936,763417,40-44,female,10901,5060,575,1749,"0,1",174
777198,936,763917,30-34,female,12284,10838,619,2366,"0,06",148
777200,936,103917,30-34,male,2630,4902,420,2391,"0,04",93
777201,936,763917,30-34,female,13465,4226,1089,1987,"0,07",141
777235,936,103917,30-34,female,2928,1439,474,2190,"0,06",136
777248,936,103918,30-34,female,6816,5590,335,1774,"0,08",148
777261,936,553917,40-44,female,10963,2174,1280,996,"0,12",119
777382,936,763917,40-44,female,12590,5734,992,1221,"0,12",150
777398,936,763917,35-39,female,2690,8466,772,2766,"0,06",156
777410,936,103918,45-49,male,8082,9252,433,2318,"0,08",177
777482,936,763917,45-49,male,9732,4283,267,1195,"0,11",128
777495,936,763917,40-44,female,16177,4078,1194,350,"0,31",108
777519,936,103917,45-49,male,13346,10141,1509,1008,"0,1",98
777625,936,763917,45-49,male,3213,3345,212,1036,"0,12",120
777627,936,103917,45-49,male,15264,7740,473,2727,"0,03",80
777638,936,103917,40-44,female,3772,11277,298,1975,"0,07",143
777670,936,103918,40-44,female,15652,3478,1488,1892,"0,09",175
777673,936,763417,40-44,male,8161,10421,418,604,"0,23",138
777742,936,103918,35-39,female,1137,6264,265,1342,"0,1",138
777758,936,763917,30-34,female,7392,6250,363,766,"0,22",172
777794,936,763917,30-34,female,14735,11135,919,1407,"0,11",150
777816,936,763917,40-44,female,9912,10751,489,1340,"0,12",165
777871,936,103918,30-34,female,15230,9411,1533,2783,"0,06",171
777904,936,763917,30-34,female,7499,8043,763,2124,"0,06",134
777905,936,763417,30-34,male,11688,6319,449,1775,"0,09",157
778037,936,763917,35-39,male,1222,9246,1448,1702,"0,07",121
778048,936,763917,30-34,female,13067,1661,1428,1318,"0,11",145
778085,936,103917,30-34,female,1884,2268,1278,1067,"0,12",123
778087,936,763917,30-34,female,15014,2399,463,1842,"0,08",146
778112,936,763417,35-39,female,3556,864,1116,2650,"0,05",132
778113,936,103917,35-39,female,7819,4923,854,2716,"0,05",128
778124,936,763917,30-34,female,5368,1406,344,2902,"0,04",115
778148,936,763917,35-39,female,13259,11872,1354,1737,"0,08",141
778156,936,763917,30-34,female,3689,2224,1239,1605,"0,1",155
778161,936,553917,30-34,female,11975,8220,509,272,"0,63",170
778208,936,763417,25-29,female,8573,8196,721,2820,"0,03",94
778264,936,553917,25-29,female,9103,3559,278,688,"0,25",175
778266,936,763917,25-29,female,11630,8829,377,3000,"0,03",94
778421,936,103917,25-29,male,4139,5938,658,369,"0,46",170
778422,936,103918,25-29,female,4906,8241,1326,2141,"0,05",114
778461,936,763917,40-44,female,6988,5511,604,273,"0,47",128
778471,936,763417,30-34,male,5531,11876,1136,1988,"0,05",95
778483,936,763917,40-44,female,6571,4332,445,1202,"0,07",83
778529,936,763417,30-34,male,8895,10470,710,780,"0,14",112
778556,936,103918,40-44,male,10731,1911,350,1584,"0,07",118
778590,936,763917,30-34,female,6122,1797,1339,277,"0,35",97
778600,936,103918,40-44,female,2480,3880,211,392,"0,39",152
778626,936,553917,30-34,female,1165,7664,750,2452,"0,04",96
778628,936,763417,30-34,female,4381,2853,1335,2452,"0,05",117
778674,936,103918,35-39,female,12461,4147,1274,2191,"0,05",112
778689,936,763917,30-34,female,3694,4101,1208,136,"0,82",112
778722,936,763417,35-39,male,7582,3286,388,822,"0,18",144
778737,936,763917,35-39,male,8394,4971,1505,1874,"0,06",112
778756,936,763917,35-39,male,16397,9734,936,1009,"0,15",151
778804,936,763917,30-34,female,6728,7663,652,1384,"0,13",175
778808,936,763917,30-34,male,13886,4337,383,278,"0,42",117
778964,936,103917,35-39,female,3970,6525,1407,395,"0,22",88
779057,936,763917,40-44,male,12590,4053,730,2926,"0,05",145
779106,936,103918,35-39,female,2820,1115,457,767,"0,17",130
779438,936,763917,30-34,male,8164,9049,1488,1794,"0,1",172
779453,936,103918,45-49,male,10226,11641,437,2325,"0,05",126
779488,936,763917,45-49,female,12265,6095,863,816,"0,16",131
779573,936,553917,35-39,male,7886,5280,1223,2358,"0,04",86
779608,936,103917,35-39,female,8007,7656,544,1896,"0,09",175
779609,936,763417,35-39,female,6059,7044,471,200,"0,85",169
779622,936,103918,30-34,female,9539,11978,1382,1229,"0,11",141
779631,936,103918,35-39,female,10871,3966,1571,1857,"0,06",117
779644,936,103918,30-34,male,1898,9839,265,2237,"0,06",143
779645,936,103918,30-34,male,5394,8077,212,1598,"0,11",175
779715,936,103918,30-34,male,11221,4670,1378,529,"0,25",132
779716,936,553917,30-34,female,5296,6475,1412,2354,"0,07",160
779738,936,103917,30-34,female,5163,1782,1316,2899,"0,05",136
779778,936,763417,30-34,female,2648,904,1506,1117,"0,09",96
779789,936,553917,45-49,female,4361,9094,572,422,"0,24",102
779824,936,763917,45-49,male,16337,8464,336,1232,"0,13",162
779871,936,763417,30-34,male,16198,11846,786,782,"0,12",90
779918,936,763417,30-34,female,14530,7566,626,595,"0,22",128
779922,936,103917,30-34,female,15107,1594,1082,892,"0,11",97
779944,936,763917,35-39,female,8515,1670,1515,2541,"0,06",162
779979,936,763417,35-39,female,15665,6667,1365,1907,"0,07",130
779995,936,763917,30-34,female,8456,1762,790,1792,"0,09",170
780064,936,103918,30-34,female,14003,7143,1409,1561,"0,06",86
780104,936,103917,30-34,male,5125,11978,376,2865,"0,05",150
780199,936,763917,35-39,male,9021,8313,793,410,"0,33",136
780318,936,553917,45-49,female,2547,10894,374,1914,"0,09",170
780323,936,763417,45-49,male,5395,10395,891,676,"0,13",87
780486,936,103918,30-34,male,11210,11154,1424,571,"0,24",138
780498,936,103917,30-34,male,13371,8191,395,995,"0,14",138
780511,936,763917,30-34,female,1358,1015,1244,1762,"0,08",143
780629,936,103918,30-34,female,16405,11011,1291,1567,"0,1",154
780653,936,763917,30-34,male,11420,10068,1303,2657,"0,06",161
780655,936,553917,30-34,male,4044,1319,1123,1339,"0,08",101
780666,936,553917,45-49,female,4622,1703,1330,1985,"0,07",139
780681,936,103918,30-34,male,13118,3915,951,598,"0,17",103
780700,936,763917,30-34,female,9760,9317,635,2501,"0,07",172
780748,936,763917,30-34,female,9202,8785,363,1193,"0,1",118
780759,936,103917,45-49,female,16434,4863,394,1923,"0,06",116
780760,936,763917,45-49,female,10751,11753,800,791,"0,2",155
780797,936,103917,30-34,female,14688,8025,558,1816,"0,09",157
780799,936,763417,30-34,male,12802,10367,395,2861,"0,03",89
780821,936,763417,30-34,female,13938,4541,1353,269,"0,52",140
780830,936,763917,45-49,female,4382,5351,618,1609,"0,09",147
780835,936,763917,45-49,female,3689,4334,1402,2882,"0,03",94
780867,936,763917,30-34,male,3948,4664,962,2142,"0,07",145
780974,936,103917,25-29,female,6157,8957,1188,2636,"0,04",110
781066,936,763417,25-29,male,13195,7307,1229,246,"0,34",83
781114,936,763917,25-29,female,9389,4294,1252,1680,"0,09",153
781159,936,103917,25-29,female,6900,9698,1459,364,"0,35",129
781162,936,763917,25-29,female,5203,874,245,1338,"0,08",111
781175,936,763917,40-44,male,8245,2249,760,1389,"0,06",84
781187,936,553917,40-44,female,11866,7684,516,372,"0,46",170
781195,936,103917,35-39,female,7864,1019,624,1202,"0,13",154
781207,936,103918,35-39,female,13205,9714,418,1745,"0,08",141
781303,936,763417,35-39,female,13803,6138,1411,1395,"0,12",166
781305,936,553917,35-39,male,4261,6389,442,1313,"0,06",81
781327,936,763417,35-39,female,5733,7897,402,2207,"0,04",82
781353,936,763917,35-39,male,6805,5184,387,877,"0,1",92
781354,936,763917,35-39,female,3135,9710,993,2287,"0,07",169
781438,936,763917,25-29,female,2831,11502,348,955,"0,17",159
781470,936,763917,25-29,female,8462,11311,649,2528,"0,05",125
781499,936,763917,25-29,female,12659,8610,888,1303,"0,1",135
781508,936,553917,25-29,female,1837,5460,605,1802,"0,08",139
781556,936,103918,25-29,female,6495,8280,1282,2502,"0,04",110
781559,936,763917,25-34,male,8035,4517,723,1909,"0,08",156
781606,936,763917,25-35,male,14367,1220,731,2467,"0,05",128
781690,936,763917,25-36,female,11860,7039,214,1165,"0,1",117
781811,936,553917,25-37,female,13471,4956,1523,2124,"0,07",145
781857,936,763417,25-38,female,4249,814,581,970,"0,14",134
781858,936,763417,30-34,female,8806,2122,1365,635,"0,22",141
781907,936,103918,45-49,female,15340,5680,604,981,"0,15",151
781928,936,763417,30-34,female,3422,6657,355,1406,"0,12",165
781929,936,103918,30-34,female,10969,9274,357,1402,"0,12",172
781950,936,763917,30-34,male,7304,1315,1435,2541,"0,03",84
781999,936,103918,30-34,male,6606,1293,746,1956,"0,08",149
782001,936,103917,30-34,male,5607,7645,1562,1494,"0,06",91
782022,936,763917,30-34,female,9063,6151,1372,2070,"0,08",165
782026,936,103917,30-34,female,14589,8837,1363,495,"0,27",134
782130,936,553917,30-34,female,4388,2299,525,2476,"0,03",80
782134,936,763917,30-34,male,4760,1860,1351,1958,"0,08",165
782135,936,553917,30-34,female,7828,9752,469,1949,"0,04",82
782171,936,763417,30-34,female,8406,1655,277,537,"0,16",85
782180,936,103918,30-34,male,4263,3557,1342,2527,"0,05",137
782219,936,103918,30-34,male,6005,11208,383,1464,"0,09",129
782228,936,763417,40-44,male,13005,4555,941,949,"0,17",160
782242,936,103917,30-34,female,10650,8799,706,286,"0,39",111
782275,936,763917,30-34,female,14253,11334,544,1883,"0,08",158
782337,936,103917,45-49,male,10824,10471,1488,2702,"0,03",88
782407,936,763917,45-49,female,14303,11571,1200,1908,"0,08",151
782443,936,103918,40-44,female,6291,1185,250,2069,"0,05",94
782541,936,763417,40-44,female,7687,9003,1083,1018,"0,13",137
782587,936,103917,30-34,female,9601,3140,1275,2605,"0,05",125
782647,936,763917,40-44,male,13864,5422,763,222,"0,68",150
782658,936,553917,30-34,female,15773,9014,802,2960,"0,05",141
782694,936,763917,35-39,female,5056,7874,336,492,"0,3",146
782706,936,553917,35-39,male,8472,7349,1129,2330,"0,04",97
782754,936,553917,35-39,female,6632,8945,366,625,"0,17",108
782815,936,763917,40-44,female,14004,8270,378,1091,"0,16",180
782816,936,103918,40-44,female,10505,7375,1514,810,"0,22",176
782862,936,763417,35-39,female,13202,3214,520,2363,"0,07",175
950068,936,103917,30-34,female,4308,10670,413,2767,"0,03",96
950078,936,553917,30-34,female,1404,3772,875,2293,"0,04",97
950079,936,553917,30-34,male,7933,7449,784,901,"0,11",95
950099,936,103917,30-34,female,7443,8928,522,245,"0,47",114
950109,936,763917,30-34,male,15359,3991,232,2664,"0,06",172
950170,936,103917,30-34,female,13866,6773,1028,250,"0,62",155
950179,936,103918,30-34,female,7837,8535,328,2713,"0,05",126
950182,936,553917,30-34,female,8225,888,1234,1917,"0,05",100
950183,936,103918,30-34,female,5457,8477,771,2948,"0,04",124
950200,936,763417,30-34,male,6836,4519,1003,537,"0,18",99
950224,936,553917,40-44,male,4025,7424,1018,2536,"0,04",97
950326,936,763917,35-39,female,9618,8349,1175,1161,"0,11",130
950345,936,763917,30-34,male,2236,5525,1215,2808,"0,03",97
950452,936,763917,45-49,female,7574,1672,706,1727,"0,05",81
950463,936,103917,45-49,female,5758,3326,1085,2695,"0,04",101
950495,936,553917,45-49,male,12958,9709,447,1515,"0,11",171
950521,936,553917,30-34,female,8874,10921,548,569,"0,24",138
950531,936,763417,45-49,female,9446,3139,309,671,"0,21",141
950537,936,763917,40-44,female,1567,1281,1443,1271,"0,07",88
950550,936,553917,30-34,female,9113,2222,325,1522,"0,1",159
950577,936,763917,30-34,male,4264,8084,966,2604,"0,07",171
950578,936,763917,30-34,female,6937,9499,875,218,"0,78",169
950595,936,103917,30-34,female,10650,6788,736,2595,"0,06",144
950609,936,763417,30-34,male,11671,9492,1113,173,"0,94",163
950629,936,763917,30-34,female,2848,3273,510,1699,"0,09",158
950631,936,103917,30-34,male,7355,4159,1424,2394,"0,07",169
950649,936,103917,30-34,female,15151,1434,1323,960,"0,09",89
950745,936,763417,30-34,female,16472,4428,912,101,"0,99",100
950770,936,763917,30-34,male,9669,10726,795,2627,"0,03",83
950772,936,103918,35-39,male,5977,7278,681,1715,"0,07",119
950773,936,763417,35-39,female,14507,8766,1156,1395,"0,06",86
950776,936,763417,35-39,female,12808,9080,1574,1825,"0,07",132
950787,936,103918,30-34,female,14743,11494,776,200,"0,5",100
950808,936,763917,35-39,female,16142,6568,494,2665,"0,06",160
950839,936,103917,30-34,female,11669,8999,877,1884,"0,1",179
950878,936,763917,40-44,female,11119,1129,995,416,"0,38",159
950969,936,763917,45-49,female,11024,3553,749,2371,"0,06",150
951021,936,763917,30-34,female,10039,2091,253,2572,"0,03",84
951033,936,553917,30-34,male,11598,6971,1571,2021,"0,06",116
951035,936,763417,30-34,male,8341,6072,864,1750,"0,09",162
951043,936,103918,30-34,female,12036,4459,663,1253,"0,08",95
951045,936,553917,30-34,male,10705,9135,1160,2358,"0,04",89
951046,936,553917,30-34,male,15278,6191,1357,1497,"0,08",120
951102,936,763917,45-49,female,9109,5614,1131,2353,"0,06",135
951105,936,103918,45-49,male,2595,9490,1449,2727,"0,05",144
951133,936,763917,35-39,female,15386,5337,742,380,"0,39",150
951202,936,763917,45-49,female,8295,9118,544,2719,"0,06",171
951225,936,103918,35-39,female,7755,3513,1082,326,"0,35",114
951270,936,763417,35-39,female,4589,11081,1153,961,"0,13",126
951282,936,103918,35-39,female,2201,3935,255,989,"0,11",107
951285,936,553917,35-39,female,9623,4977,1150,2935,"0,04",126
951294,936,763917,35-39,female,3066,4732,1376,1403,"0,06",82
951305,936,763917,35-39,male,2866,2869,272,870,"0,2",173
951334,936,763417,30-34,female,7172,982,861,1585,"0,1",159
951391,936,763917,30-34,female,7222,5598,1552,725,"0,19",139
951392,936,103917,30-34,male,14013,11141,1105,1961,"0,05",97
951400,936,103917,45-49,male,12500,6450,549,2162,"0,05",115
951402,936,553917,30-34,female,9860,3960,1155,2834,"0,05",152
951413,936,103917,30-34,male,7933,9225,302,1394,"0,07",95
951420,936,553917,30-34,male,15594,5953,489,156,"0,66",103
951444,936,763417,30-34,female,1049,10772,689,2991,"0,04",118
951448,936,763417,30-34,female,1030,11114,1214,209,"0,64",134
951462,936,763917,45-49,female,12787,6524,1079,1917,"0,08",156
951464,936,763917,45-49,male,14205,6382,1395,1327,"0,09",116
951465,936,103918,45-49,female,1831,8753,913,2304,"0,05",117
951498,936,763417,45-49,female,1368,7918,445,457,"0,38",173
951508,936,763917,30-34,female,14463,8000,984,420,"0,39",164
951542,936,763417,40-44,female,15317,4800,532,2593,"0,05",126
951607,936,763417,40-44,female,9312,11459,655,2628,"0,04",105
951608,936,103918,40-44,female,2400,6459,1457,1377,"0,12",171
951641,936,763917,40-44,female,15999,4585,1575,1818,"0,06",109
951677,936,763417,35-39,female,14987,1101,845,288,"0,28",82
951692,936,763417,35-39,male,2843,2704,1136,148,"1,09",161
951715,936,763917,45-49,female,3396,9716,322,1009,"0,14",139
951756,936,103918,35-39,male,7641,8454,1590,647,"0,28",179
951779,936,103918,45-49,female,6578,8901,732,169,"1,05",178
951782,936,103918,45-49,male,3266,8635,539,787,"0,12",92
951810,936,763417,35-39,female,9593,6002,877,1641,"0,06",98
951812,936,763417,35-39,female,13381,7979,916,2693,"0,03",93
951837,936,763917,45-49,female,1762,4475,535,1096,"0,09",100
951853,936,103918,30-34,female,9242,2433,528,2108,"0,08",176
951854,936,103917,30-34,female,14172,6116,1495,1850,"0,09",164
951856,936,763417,30-34,male,1660,7540,717,2871,"0,05",149
951941,936,103917,30-34,female,3199,11200,1289,2905,"0,05",158
952001,936,763917,45-49,female,2199,2303,1418,2583,"0,07",172
952031,936,763417,40-44,male,4469,6951,749,1274,"0,11",139
952080,936,103917,40-44,female,10143,10429,1390,1661,"0,05",80
952100,936,103918,35-39,female,14463,11209,241,394,"0,37",145
1121091,1178,763417,30-34,male,4836,9585,713,1029,"0,09",90
1121092,1178,763417,30-34,male,4947,3656,302,2638,"0,06",162
1121094,1178,763417,30-34,male,14612,6214,1000,1374,"0,12",163
1121095,1178,763917,30-34,female,3576,9363,322,1189,"0,14",165
1121096,1178,763417,30-34,female,1849,5338,1303,1283,"0,11",136
1121097,1178,763917,30-34,female,2479,5189,1539,2564,"0,04",114
1121098,1178,763917,30-34,male,8146,3365,365,1506,"0,07",105
1121100,1178,103918,30-34,female,9632,1470,463,658,"0,15",100
1121101,1178,553917,30-34,female,2862,5955,967,2491,"0,07",179
1121102,1178,103917,30-34,female,6514,6333,1535,2463,"0,05",122
1121104,1178,103918,30-34,male,7651,4543,341,2122,"0,08",163
1121105,1178,763417,30-34,male,10778,3155,1119,2898,"0,05",146
1121107,1178,553917,30-34,female,3438,11327,1427,1991,"0,08",163
1121108,1178,103917,30-34,male,5179,10668,1022,1120,"0,16",174
1121110,1178,763417,30-34,male,14108,3690,756,868,"0,19",168
1121111,1178,103917,30-34,male,3908,8957,705,1265,"0,11",141
1121113,1178,103917,30-34,female,2619,10824,722,373,"0,26",98
1121114,1178,763917,30-34,female,1854,1947,1336,1024,"0,17",169
1121115,1178,763917,30-34,female,3050,8591,424,2575,"0,05",116
1121116,1178,103917,30-34,male,5660,5175,979,1061,"0,14",151
1121117,1178,103917,30-34,female,14537,1223,1467,1581,"0,06",97
1121119,1178,763917,30-34,male,12237,9862,1093,1101,"0,13",146
1121121,1178,763917,30-34,female,14309,6179,1342,2436,"0,04",100
1121122,1178,103918,30-34,female,5879,2654,507,1751,"0,09",152
1121123,1178,553917,30-34,female,4428,11921,865,1401,"0,11",150
1121124,1178,553917,30-34,female,16334,1387,1403,293,"0,44",129
1121125,1178,763917,30-34,female,3868,4301,1145,1124,"0,11",122
1121126,1178,103918,30-34,female,1914,2356,516,729,"0,18",133
1121127,1178,553917,30-34,male,9716,11968,724,1758,"0,09",154
1121128,1178,103917,30-34,female,5780,9373,614,1892,"0,07",137
1121129,1178,763417,30-34,female,5502,7566,1560,187,"0,93",174
1121131,1178,103917,30-34,female,6644,2726,227,1231,"0,1",125
1121132,1178,553917,30-34,female,10804,7370,1439,1891,"0,08",150
1121133,1178,763917,30-34,female,10276,8763,1164,979,"0,16",154
1121134,1178,763417,30-34,female,8345,2038,354,428,"0,36",156
1121136,1178,763917,30-34,female,5821,10027,1235,2343,"0,05",112
1121138,1178,763417,30-34,male,13301,1787,233,2328,"0,07",153
1121141,1178,103917,30-34,female,9859,6358,994,215,"0,6",128
1121142,1178,103918,30-34,female,5051,5749,1127,240,"0,48",116
1121143,1178,763917,30-34,male,8795,2483,380,1870,"0,05",102
1121152,1178,763917,30-34,female,7591,6754,697,443,"0,18",81
1121153,1178,763417,30-34,female,4088,4675,419,423,"0,32",137
1121164,1178,103917,30-34,male,13013,11822,437,1601,"0,08",126
1121167,1178,763917,30-34,female,1866,4703,1508,2077,"0,05",99
1121168,1178,103918,30-34,male,5436,11362,1137,781,"0,23",180
1121172,1178,103917,30-34,female,6123,3110,1148,151,"0,96",145
1121173,1178,103917,30-34,male,13713,3558,402,106,"1,68",178
1121175,1178,103917,30-34,male,15428,10463,1455,1821,"0,06",114
1121177,1178,763417,30-34,female,15734,10243,810,563,"0,17",93
1121181,1178,763417,30-34,male,1993,5313,459,2174,"0,06",135
1121182,1178,763917,30-34,female,10868,2496,1226,1388,"0,07",96
1121183,1178,103917,30-34,female,11751,6238,1497,746,"0,19",145
1121184,1178,553917,30-34,female,7545,2757,580,1841,"0,06",119
1121185,1178,763917,30-34,female,2228,6655,818,1085,"0,1",107
1121193,1178,103918,30-34,male,1379,4549,756,2671,"0,06",164
1121195,1178,553917,30-34,female,13122,2987,880,1492,"0,1",156
1121196,1178,763417,30-34,female,13652,9940,660,1392,"0,1",139
1121197,1178,763417,30-34,female,12824,5277,431,1818,"0,05",96
1121202,1178,103918,30-34,male,10337,1690,1076,2331,"0,05",112
1121203,1178,553917,30-34,female,14692,11497,1238,1971,"0,08",167
1121205,1178,103918,30-34,female,9612,4105,770,725,"0,15",108
1121206,1178,103917,30-34,female,10834,1867,808,1015,"0,17",169
1121207,1178,763917,30-34,male,5440,2230,354,2734,"0,05",130
1121211,1178,763417,30-34,female,2259,6007,997,1294,"0,09",110
1121213,1178,763917,30-34,male,14648,4367,1353,1593,"0,05",84
1121215,1178,763917,30-34,female,5167,6822,1469,1367,"0,1",133
1121216,1178,103918,30-34,female,11662,3396,298,206,"0,58",120
1121220,1178,553917,30-34,female,1300,10964,324,1335,"0,12",159
1121223,1178,103918,30-34,female,10142,3550,956,308,"0,35",108
1121224,1178,103917,30-34,female,10949,1412,226,1207,"0,09",114
1121229,1178,763417,30-34,female,1290,11809,721,687,"0,14",96
1121231,1178,763417,30-34,female,7881,1421,1580,1683,"0,05",83
1121233,1178,103918,30-34,male,14086,8664,1355,1528,"0,08",122
1121241,1178,103918,30-34,male,10062,5004,644,833,"0,13",108
1121242,1178,763417,30-34,female,5161,2423,1480,785,"0,21",166
1121243,1178,553917,30-34,female,3190,8875,919,908,"0,1",94
1121244,1178,763917,30-34,female,9480,2016,1272,1306,"0,06",84
1121245,1178,763417,30-34,female,13741,9785,967,1752,"0,05",80
1121246,1178,763917,30-34,male,14444,5863,584,2915,"0,04",122
1121250,1178,553917,30-34,female,8175,5465,1272,2502,"0,05",130
1121251,1178,763417,30-34,female,5495,1011,600,1201,"0,07",81
1121252,1178,763417,30-34,male,14799,2646,588,439,"0,26",115
1121254,1178,763417,30-34,female,13242,7365,1580,2656,"0,05",129
1121255,1178,763917,30-34,female,6346,3857,821,101,"0,81",82
1121261,1178,103918,30-34,male,2564,9936,1500,1006,"0,16",161
1121262,1178,763417,30-34,female,2313,10354,635,1573,"0,06",100
1121263,1178,763917,30-34,female,2005,10212,1487,1129,"0,16",176
1121264,1178,103918,30-34,female,16070,8759,398,2274,"0,08",177
1121265,1178,763917,30-34,female,5096,6249,975,869,"0,13",109
1121269,1178,763917,30-34,male,8265,8590,710,1243,"0,14",170
1121273,1178,103918,30-34,female,15896,9721,439,2492,"0,05",117
1121274,1178,103918,30-34,male,1146,1892,1431,1571,"0,07",116
1121275,1178,763917,30-34,male,5586,11090,588,2013,"0,08",169
1121276,1178,103918,30-34,male,14822,8708,260,2596,"0,04",101
1121277,1178,763417,30-34,female,11704,3004,942,1911,"0,08",157
1121278,1178,763917,30-34,male,10768,8022,785,1729,"0,05",80
1121279,1178,763417,30-34,male,12659,5217,808,343,"0,48",163
1121282,1178,763417,30-34,female,15140,9145,764,1383,"0,11",148
1121284,1178,763917,30-34,female,6268,1623,294,1585,"0,07",118
1121285,1178,763417,30-34,male,7340,1768,1226,2001,"0,07",147
1121286,1178,763917,30-34,female,15353,9086,297,1290,"0,09",113
1121287,1178,103918,30-34,female,8669,11586,272,1167,"0,09",103
1121289,1178,763917,35-39,male,14513,2092,1132,1479,"0,12",173
1121290,1178,553917,35-39,female,8947,3825,1373,2033,"0,08",169
1121291,1178,763917,35-39,female,10938,10772,904,2429,"0,06",153
1121292,1178,103918,35-39,male,6630,6228,210,358,"0,4",143
1121293,1178,763917,35-39,female,8312,3008,618,1849,"0,06",104
1121296,1178,763417,35-39,male,9109,8042,293,2125,"0,08",167
1121297,1178,763417,35-39,female,5581,6046,1294,121,"1,13",137
1121300,1178,763917,35-39,female,15417,2687,613,2696,"0,03",93
1121302,1178,763417,35-39,female,4279,11711,1224,1622,"0,05",85
1121303,1178,103918,35-39,male,11198,9602,1351,570,"0,26",147
1121304,1178,763417,35-39,female,1332,4615,816,578,"0,19",109
1121309,1178,103917,35-39,female,13303,5678,1010,1315,"0,08",108
1121310,1178,103918,35-39,female,16351,5875,1395,569,"0,22",123
1121311,1178,103917,35-39,female,2765,6086,1235,1467,"0,12",171
1121312,1178,763417,35-39,male,6180,1018,1367,905,"0,15",140
1121316,1178,763917,35-39,female,14906,1872,1543,540,"0,33",180
1121317,1178,103917,35-39,male,16173,6323,603,987,"0,16",155
1121319,1178,763917,35-39,female,12697,7881,496,2302,"0,04",88
1121321,1178,103918,35-39,female,15283,3087,819,1157,"0,15",169
1121322,1178,763417,35-39,male,9956,10050,796,1989,"0,06",124
1121327,1178,103918,35-39,female,6310,3675,246,2569,"0,05",124
1121330,1178,103917,35-39,male,6972,4622,495,2019,"0,07",150
1121333,1178,103918,35-39,female,5484,8876,201,968,"0,09",89
1121334,1178,763917,35-39,female,14948,5816,715,2977,"0,05",147
1121335,1178,103918,35-39,female,14097,9078,1399,1073,"0,15",166
1121336,1178,103917,35-39,female,7427,5370,743,1682,"0,07",123
1121337,1178,763417,35-39,female,13796,7652,1565,944,"0,11",107
1121338,1178,763917,35-39,female,14327,5767,1559,541,"0,2",106
1121340,1178,103917,35-39,female,1716,7889,1414,2496,"0,04",98
1121341,1178,763417,35-39,female,13275,7532,917,2272,"0,05",122
1121342,1178,763917,35-39,female,8256,2441,1468,2968,"0,05",136
1121344,1178,103918,35-39,female,5353,3044,589,1411,"0,12",164
1121345,1178,763917,35-39,female,4132,11498,491,298,"0,38",112
1121347,1178,103917,35-39,female,12185,5245,761,1028,"0,09",94
1121350,1178,763917,35-39,female,9853,1841,792,718,"0,23",163
1121352,1178,103917,35-39,female,8339,4549,507,2580,"0,05",132
1121353,1178,103918,35-39,male,10932,1403,310,871,"0,16",142
1121355,1178,103917,35-39,male,13599,3545,1085,1472,"0,07",102
1121359,1178,553917,35-39,female,12666,8175,558,1302,"0,08",110
1121361,1178,763917,35-39,female,1406,1414,1443,2837,"0,04",120
1121364,1178,103918,35-39,female,6424,10277,702,2433,"0,07",170
1121365,1178,763417,35-39,female,16445,9078,890,1461,"0,11",157
1121367,1178,763917,35-39,female,8354,2387,764,197,"0,62",122
1121368,1178,763917,35-39,female,7436,11383,1525,1938,"0,09",166
1121369,1178,553917,35-39,male,12509,5178,1561,2238,"0,07",165
1121370,1178,763417,35-39,female,12740,9188,1353,2784,"0,03",88
1121372,1178,763417,35-39,female,14323,6182,1251,366,"0,48",175
1121373,1178,553917,35-39,male,8296,8958,355,829,"0,11",94
1121374,1178,763917,35-39,female,2297,3005,1221,2619,"0,07",176
1121375,1178,103917,35-39,male,16076,6762,1079,1860,"0,07",133
1121377,1178,103917,35-39,female,13094,7078,1307,1546,"0,11",164
1121378,1178,763417,35-39,female,2942,6949,575,1291,"0,07",94
1121379,1178,103917,35-39,female,14375,11794,1331,2504,"0,04",97
1121380,1178,103917,35-39,female,15244,1593,1026,1861,"0,05",86
1121381,1178,763917,35-39,female,9800,4872,1314,2299,"0,06",142
1121390,1178,763417,35-39,female,5358,1360,1533,849,"0,2",172
1121391,1178,103917,35-39,female,8288,11474,499,1908,"0,06",113
1121394,1178,763917,35-39,female,13717,5254,1502,1411,"0,1",143
1121395,1178,763417,35-39,male,13175,9508,1226,2953,"0,03",90
1121398,1178,103918,35-39,male,2261,1590,1007,188,"0,62",117
1121400,1178,763917,35-39,female,14958,1572,963,2276,"0,04",84
1121403,1178,103918,35-39,male,10975,6171,682,264,"0,45",120
1121405,1178,763917,35-39,male,6996,2616,833,1237,"0,08",100
1121410,1178,103918,35-39,female,6397,1792,241,1678,"0,1",170
1121411,1178,763917,35-39,female,14120,2404,357,501,"0,33",163
1121412,1178,763917,35-39,female,12063,4114,388,2039,"0,04",80
1121413,1178,103918,35-39,female,4615,7235,473,2241,"0,04",86
1121414,1178,553917,35-39,female,8096,7915,1585,664,"0,23",155
1121415,1178,103917,35-39,male,8252,2082,238,2520,"0,06",158
1121418,1178,103918,35-39,female,3009,2114,210,2686,"0,03",90
1121421,1178,103917,35-39,female,7022,10756,578,1455,"0,07",105
1121422,1178,103917,35-39,female,8200,9559,1006,917,"0,16",143
1121423,1178,763917,35-39,female,6062,3846,419,1769,"0,08",148
1121425,1178,763417,35-39,female,14626,7838,835,1938,"0,06",115
1121428,1178,103918,35-39,male,13781,11117,1341,2189,"0,08",180
1121429,1178,103917,35-39,female,14253,5929,1303,2940,"0,05",148
1121430,1178,103918,35-39,male,8162,9083,1550,498,"0,23",116
1121433,1178,763917,35-39,female,1382,5958,257,1154,"0,07",85
1121437,1178,103918,35-39,female,3692,1487,1501,2155,"0,05",103
1121439,1178,763917,40-44,female,15241,9694,867,336,"0,5",169
1121440,1178,763417,40-44,male,6442,1482,343,1873,"0,07",124
1121442,1178,763417,40-44,female,5951,10979,852,1158,"0,09",108
1121443,1178,763917,40-44,female,15674,10344,350,1241,"0,08",100
1121444,1178,763917,40-44,female,6465,11003,919,2225,"0,04",81
1121446,1178,103917,40-44,female,9358,4155,641,1770,"0,05",81
1121451,1178,103917,40-44,female,3113,1765,1138,2347,"0,07",155
1121452,1178,103918,40-44,female,4069,5391,1353,2542,"0,05",138
1121453,1178,763917,40-44,male,6947,7157,434,2120,"0,06",137
1121454,1178,763417,40-44,female,2006,8294,1053,1444,"0,11",161
1121455,1178,763917,40-44,male,11135,6855,1494,315,"0,33",104
1121456,1178,103917,40-44,female,15948,7332,621,457,"0,37",167
1121464,1178,553917,40-44,female,7046,10539,1151,1209,"0,13",161
1121466,1178,763917,40-44,female,7268,4658,1474,949,"0,09",88
1121467,1178,763917,40-44,female,13760,5344,622,1110,"0,08",91
1121469,1178,103918,40-44,female,15401,3721,247,397,"0,3",121
1121471,1178,763417,40-44,male,12282,9765,829,2278,"0,04",99
1121472,1178,103917,40-44,female,9656,9416,735,1062,"0,11",119
1121473,1178,103917,40-44,female,12843,6225,1041,311,"0,41",129
1121474,1178,763417,40-44,female,11425,4213,678,230,"0,59",135
1121477,1178,763417,40-44,male,4553,8466,580,1364,"0,07",96
1121481,1178,103918,40-44,female,2167,6052,781,663,"0,19",124
1121482,1178,763917,40-44,female,14685,3893,751,1293,"0,08",98
1121483,1178,763417,40-44,female,9624,2629,643,1543,"0,05",81
1121484,1178,103917,40-44,male,10765,9908,967,2710,"0,05",145
1121487,1178,763917,40-44,male,4983,2043,1316,1050,"0,13",141
1121489,1178,103918,40-44,female,3942,10341,971,2997,"0,03",88
1121493,1178,103918,40-44,male,12754,4663,1393,1654,"0,06",91
1121497,1178,763917,40-44,male,1034,5030,902,717,"0,14",100
1121499,1178,763417,40-44,male,9244,4241,1581,2560,"0,06",150
1121510,1178,103918,40-44,male,1035,8052,585,2926,"0,04",121
1121511,1178,103918,40-44,female,4547,7236,245,333,"0,38",128
1121514,1178,103918,40-44,male,2919,6793,1559,332,"0,34",114
1121523,1178,103917,40-44,male,16416,5818,871,687,"0,12",81
1121524,1178,763917,40-44,male,8195,8757,800,1813,"0,1",174
1121525,1178,763917,40-44,male,6709,8014,306,2036,"0,04",85
1121526,1178,763417,40-44,female,10276,10990,878,370,"0,26",95
1121527,1178,103917,40-44,female,7346,8368,489,639,"0,22",143
1121528,1178,103918,40-44,female,2367,8171,1139,290,"0,28",82
1121530,1178,763417,40-44,female,1629,8317,456,2250,"0,08",178
1121532,1178,103917,40-44,male,8034,1666,1594,2314,"0,07",167
1121535,1178,103917,40-44,male,9609,11547,990,1392,"0,12",161
1121541,1178,103918,40-44,female,13866,7902,1219,1492,"0,07",100
1121544,1178,553917,40-44,female,3040,8997,342,891,"0,13",120
1121545,1178,103918,40-44,female,14884,7699,1308,2467,"0,07",178
1121548,1178,103917,40-44,female,11049,2113,424,2126,"0,07",152
1121551,1178,763917,40-44,female,1670,10181,1518,1300,"0,11",141
1121554,1178,103918,40-44,female,4701,7540,1533,872,"0,17",152
1121557,1178,763417,40-44,female,14471,2130,1376,1179,"0,13",155
1121561,1178,763917,40-44,male,12168,6889,1053,1737,"0,07",122
1121562,1178,103917,40-44,female,1465,9600,307,2206,"0,06",143
1121568,1178,103917,40-44,female,4615,8053,1439,1546,"0,1",155
1121571,1178,763917,40-44,female,2361,2582,297,433,"0,23",101
1121572,1178,763917,40-44,female,5001,4742,1231,303,"0,53",160
1121575,1178,763917,40-44,male,13463,4462,596,1047,"0,16",168
1121577,1178,103917,40-44,male,6827,9189,777,2041,"0,06",121
1121584,1178,553917,40-44,female,4662,7244,1371,875,"0,1",85
1121585,1178,763417,40-44,male,2592,7671,724,1893,"0,06",112
1121589,1178,763917,45-49,male,2703,7130,1565,282,"0,5",140
1121590,1178,103917,45-49,male,7016,6365,1425,2940,"0,03",84
1121592,1178,763917,45-49,male,2760,7486,434,744,"0,22",163
1121593,1178,553917,45-49,female,10415,5135,918,1367,"0,07",94
1121594,1178,763917,45-49,female,11981,3903,759,2600,"0,04",115
1121597,1178,103918,45-49,female,6873,9931,651,246,"0,71",175
1121598,1178,103918,45-49,male,10273,3904,451,2909,"0,06",161
1121599,1178,763917,45-49,female,5742,3850,1544,1012,"0,12",124
1121601,1178,763417,45-49,male,7634,2034,1017,342,"0,25",87
1121602,1178,103917,45-49,female,13578,7341,572,121,"0,81",98
1121603,1178,103918,45-49,female,7832,5404,838,194,"0,55",107
1121605,1178,763917,45-49,female,14938,4052,1343,2181,"0,05",119
1121606,1178,763417,45-49,male,8866,10144,750,1968,"0,06",109
1121607,1178,103917,45-49,female,12751,9765,418,1514,"0,08",121
1121609,1178,763917,45-49,male,1920,7792,284,1599,"0,08",131
1121612,1178,103917,45-49,female,4013,11989,202,803,"0,21",169
1121613,1178,103917,45-49,female,5834,2849,858,2518,"0,05",138
1121615,1178,763917,45-49,female,9279,4310,423,1063,"0,13",139
1121616,1178,553917,45-49,female,11997,7475,607,2875,"0,03",86
1121617,1178,763917,45-49,female,12502,10680,1330,2133,"0,05",110
1121619,1178,103917,45-49,male,10130,5001,1435,2757,"0,04",98
1121620,1178,763917,45-49,female,7648,2886,1300,2155,"0,08",165
1121622,1178,763417,45-49,female,10684,5787,555,510,"0,21",106
1121623,1178,553917,45-49,female,5743,3277,1488,260,"0,66",171
1121624,1178,103917,45-49,male,1818,3366,783,1657,"0,11",174
1121627,1178,763917,45-49,female,11242,4157,454,1436,"0,07",106
1121628,1178,763917,45-49,female,16305,2536,1330,2277,"0,06",144
1121629,1178,763917,45-49,female,16152,10289,1164,2533,"0,04",96
1121635,1178,103917,45-49,female,4552,10862,1043,2073,"0,07",145
1121638,1178,763917,45-49,female,14448,10835,862,1713,"0,07",113
1121641,1178,103917,45-49,male,14540,6741,868,1947,"0,05",99
1121642,1178,103917,45-49,female,11781,5348,789,2033,"0,05",95
1121644,1178,763417,45-49,female,3800,8013,1156,1332,"0,1",127
1121650,1178,763917,45-49,female,7475,5050,663,1829,"0,05",85
1121652,1178,763417,45-49,female,10967,7539,873,2593,"0,04",96
1121660,1178,103917,45-49,female,3679,1061,730,2792,"0,04",114
1121661,1178,103918,45-49,female,15540,9049,1582,167,"0,79",132
1121662,1178,103918,45-49,female,9924,10242,322,1532,"0,06",90
1121664,1178,103917,45-49,male,10212,7101,317,437,"0,25",110
1121665,1178,763917,45-49,female,12515,6927,1244,2370,"0,07",160
1121666,1178,763417,45-49,female,4253,6745,684,2697,"0,06",165
1121667,1178,103918,45-49,male,2375,6005,333,1804,"0,05",85
1121668,1178,763917,45-49,male,2371,4304,421,257,"0,56",144
1121669,1178,763917,45-49,female,7833,10531,563,483,"0,23",109
1121671,1178,103917,45-49,female,4352,11939,882,2928,"0,04",124
1121672,1178,103918,45-49,female,2155,2339,1174,2002,"0,04",86
1121673,1178,553917,45-49,female,12817,5478,1475,230,"0,71",164
1121674,1178,763917,45-49,female,12025,2757,728,1062,"0,08",82
1121675,1178,763417,45-49,male,5618,6246,1045,1457,"0,11",158
1121676,1178,763417,45-49,female,3882,5626,381,1613,"0,07",119
1121677,1178,103918,45-49,female,14912,10132,885,1275,"0,1",129
1121678,1178,103918,45-49,female,8677,4857,1366,164,"0,51",83
1121685,1178,763917,45-49,female,5474,5040,1091,1530,"0,07",114
1121687,1178,103917,45-49,male,14981,3771,1531,685,"0,24",161
1121689,1178,763917,45-49,male,8543,1463,678,2189,"0,07",163
1121691,1178,103917,45-49,male,2407,3858,441,1863,"0,09",167
1121692,1178,763917,45-49,female,8876,3029,420,864,"0,11",95
1121693,1178,103917,45-49,female,8044,6164,221,2531,"0,07",177
1121695,1178,103917,45-49,female,1806,6135,1541,2620,"0,05",129
1121701,1178,553917,45-49,female,2608,10218,754,1819,"0,1",177
1121705,1178,763917,45-49,female,10780,4418,346,1351,"0,09",128
1121706,1178,763417,45-49,male,6208,9843,1499,2925,"0,06",162
1121708,1178,103917,45-49,male,13496,6366,1483,1848,"0,07",130
1121711,1178,103918,45-49,female,1184,8942,424,678,"0,21",140
1121716,1178,103918,45-49,female,10573,10828,299,2945,"0,04",131
1121723,1178,103918,45-49,female,9631,8251,1459,366,"0,39",142
1121733,1178,103918,45-49,female,5965,10017,1522,183,"0,76",139
1121741,1178,763917,30-34,male,6366,6720,296,1346,"0,08",113
1121742,1178,763917,30-34,female,6538,7256,562,1772,"0,05",84
1121745,1178,103918,30-34,male,13644,6560,652,2157,"0,07",158
1121746,1178,103918,30-34,female,8202,6788,240,570,"0,22",128
1121749,1178,103918,30-34,female,5109,2843,847,137,"1,31",180
1121751,1178,763917,30-34,male,11270,11086,1203,1805,"0,09",163
1121753,1178,763417,30-34,female,9322,6830,260,2261,"0,08",179
1121754,1178,103918,30-34,female,1349,11562,935,2348,"0,04",93
1121755,1178,103917,30-34,male,6288,9308,1306,1498,"0,12",180
1121756,1178,763417,30-34,male,13143,8157,1559,432,"0,3",128
1121758,1178,763417,30-34,female,5398,9801,442,1026,"0,17",176
1121759,1178,103917,30-34,male,1647,3911,972,528,"0,19",100
1121760,1178,103917,30-34,female,12019,5809,285,2893,"0,03",100
1121763,1178,103918,30-34,female,11250,11716,1179,691,"0,25",173
1121764,1178,103918,30-34,female,7336,1652,995,1896,"0,05",91
1121765,1178,763417,30-34,female,11627,7148,1517,2866,"0,05",135
1121767,1178,103917,30-34,female,6402,2489,353,462,"0,2",92
1121768,1178,103918,30-34,female,12355,10176,1163,424,"0,41",174
1121769,1178,103917,30-34,female,15292,11962,909,2949,"0,03",91
1121773,1178,103917,30-34,female,2099,7814,823,1378,"0,12",169
1121774,1178,103917,30-34,female,2788,9878,760,516,"0,16",85
1121775,1178,763417,30-34,female,4214,10145,1436,2706,"0,04",101
1121776,1178,763917,30-34,female,8286,4859,1497,2650,"0,04",105
1121779,1178,763917,30-34,male,6312,2773,1484,902,"0,12",112
1121780,1178,763917,30-34,male,7352,3335,1448,1419,"0,12",174
1121782,1178,763417,30-34,female,7214,7163,216,2621,"0,05",142
1121783,1178,553917,30-34,female,1061,10421,1024,259,"0,48",125
1121791,1178,763917,30-34,female,1326,3273,1131,2721,"0,06",173
1121793,1178,763917,30-34,female,11811,11005,230,1681,"0,05",90
1121795,1178,103918,30-34,female,14541,6621,1458,1175,"0,1",114
1121796,1178,553917,30-34,male,3886,8608,1451,2095,"0,07",152
1121798,1178,103918,30-34,male,8447,3485,625,170,"0,49",83
1121803,1178,763917,30-34,female,15500,3594,562,125,"1,3",162
1121806,1178,763417,30-34,female,14151,6439,608,788,"0,22",170
1121807,1178,763917,30-34,female,13953,3764,1130,277,"0,49",137
1121812,1178,763417,30-34,male,5226,7194,1516,2655,"0,05",143
1121814,1178,763917,30-34,male,15289,1177,1218,1947,"0,07",139
1121815,1178,103918,30-34,female,10591,3789,1271,2250,"0,04",87
1121816,1178,103917,30-34,female,12531,1691,354,2718,"0,05",143
1121817,1178,763417,30-34,female,14766,9908,1178,1038,"0,14",143
1121818,1178,103918,30-34,female,14947,3761,761,1115,"0,09",99
1121819,1178,103918,30-34,female,7686,6769,1588,828,"0,15",122
1121820,1178,103917,30-34,male,1128,1319,717,837,"0,14",117
1121824,1178,103917,30-34,female,8230,4515,522,877,"0,16",144
1121826,1178,763917,30-34,female,6008,11555,1570,1200,"0,09",110
1121827,1178,763917,30-34,male,10888,9721,896,2781,"0,05",133
1121828,1178,553917,30-34,female,10632,3670,840,1390,"0,12",167
1121829,1178,103918,30-34,male,15149,11763,208,227,"0,5",113
1121832,1178,763917,30-34,female,9579,7550,289,716,"0,13",93
1121833,1178,763417,30-34,female,12524,6243,1348,2042,"0,07",147
1121835,1178,103918,30-34,male,7747,4737,492,1593,"0,07",114
1121839,1178,763417,30-34,male,14227,11518,1521,970,"0,13",123
1121841,1178,763917,30-34,female,7150,9279,918,1499,"0,11",167
1121843,1178,763417,30-34,female,6400,8394,1366,973,"0,13",122
1121844,1178,103918,30-34,male,12973,9486,1325,746,"0,2",147
1121845,1178,103918,30-34,female,14549,4682,385,1803,"0,09",154
1121846,1178,763417,30-34,female,13617,4813,1377,505,"0,28",142
1121847,1178,763417,30-34,male,14670,5459,1465,906,"0,16",141
1121854,1178,103918,30-34,female,14890,1569,1273,1786,"0,1",172
1121855,1178,763417,30-34,male,9134,3005,494,1494,"0,11",158
1121856,1178,763417,30-34,female,14043,2212,752,2938,"0,03",80
1121857,1178,763917,30-34,female,8010,10019,843,2054,"0,04",90
1121859,1178,103917,30-34,male,5230,9090,1476,2235,"0,06",135
1121860,1178,553917,30-34,female,10961,3393,538,432,"0,2",86
1121861,1178,103918,30-34,female,12530,7345,1046,2472,"0,06",148
1121862,1178,763917,30-34,male,2618,7789,861,238,"0,5",120
1121863,1178,103918,30-34,female,1918,2379,990,2625,"0,05",132
1121867,1178,763417,30-34,male,11119,2675,1314,976,"0,09",85
1121869,1178,103917,30-34,female,11671,3024,1566,1322,"0,13",166
1121871,1178,763417,30-34,male,5136,5203,712,2174,"0,06",135
1121873,1178,763917,30-34,female,9169,3028,946,2246,"0,06",141
1121874,1178,103918,30-34,female,10857,4781,584,2974,"0,05",142
1121876,1178,103917,30-34,female,13046,3225,1148,1659,"0,06",97
1121877,1178,763417,30-34,male,4001,10136,1384,1534,"0,08",117
1121878,1178,763917,30-34,female,4228,10142,1209,1238,"0,11",140
1121881,1178,763417,30-34,male,2829,11551,846,2046,"0,07",152
1121888,1178,763917,30-34,female,2589,10893,881,929,"0,11",100
1121889,1178,103917,35-39,male,12860,8145,481,1237,"0,1",122
1121890,1178,103917,35-39,female,6895,4934,1576,1828,"0,06",118
1121891,1178,763917,35-39,female,12403,2722,1137,1498,"0,12",174
1121894,1178,763917,35-39,male,10360,11730,1026,1494,"0,1",152
1121895,1178,763417,35-39,female,2485,2767,1174,2554,"0,06",152
1121897,1178,103918,35-39,female,3202,3857,1343,1586,"0,11",177
1121901,1178,103917,35-39,female,3397,978,1384,685,"0,18",125
1121902,1178,103918,35-39,male,14802,3844,532,1193,"0,11",132
1121903,1178,553917,35-39,male,1260,7257,1268,336,"0,54",180
1121904,1178,763917,35-39,male,12437,2256,1208,667,"0,22",150
1121905,1178,763917,35-39,female,14654,2573,868,2983,"0,03",86
1121906,1178,553917,35-39,male,14538,9270,932,2330,"0,03",81
1121907,1178,553917,35-39,female,11076,10825,1404,2576,"0,05",131
1121917,1178,553917,35-39,female,16077,9945,1099,1729,"0,1",169
1121918,1178,103918,35-39,male,14828,9090,436,2369,"0,06",150
1121925,1178,103918,35-39,male,1015,4798,1094,1014,"0,16",164
1121928,1178,763917,35-39,female,16062,2803,206,1131,"0,12",137
1121931,1178,553917,35-39,male,9297,6195,1223,1773,"0,07",117
1121933,1178,763417,35-39,female,6262,8422,632,1211,"0,08",93
1121935,1178,553917,35-39,male,2951,3590,1293,1465,"0,11",157
1121936,1178,103918,35-39,male,8344,11294,477,1121,"0,08",88
1121944,1178,103918,35-39,female,13299,1738,1218,1716,"0,1",180
1121948,1178,763417,35-39,female,15277,1609,686,323,"0,44",142
1121949,1178,553917,35-39,female,9578,7134,937,1330,"0,06",85
1121953,1178,763917,35-39,female,13045,11558,458,1999,"0,07",143
1121954,1178,103918,35-39,male,3478,10956,1240,1891,"0,07",133
1121955,1178,763917,35-39,female,15164,3781,1332,474,"0,18",83
1121956,1178,763417,35-39,male,10499,9879,1456,104,"1,41",147
1121962,1178,763917,35-39,female,5991,10036,546,2757,"0,06",178
1121963,1178,763917,35-39,male,7824,8649,1330,1628,"0,11",177
1121971,1178,763417,35-39,female,5086,11914,643,2642,"0,06",152
1121973,1178,763417,35-39,male,3752,7648,916,1756,"0,06",98
1121976,1178,763917,35-39,female,2086,10861,240,1041,"0,16",166
1121977,1178,763917,35-39,male,11376,10092,977,1357,"0,13",176
1121983,1178,553917,35-39,male,10030,5231,1038,1257,"0,13",163
1121994,1178,103917,35-39,female,15203,10022,504,1890,"0,06",121
1122003,1178,763917,35-39,female,8530,6281,1162,704,"0,22",152
1122004,1178,103917,35-39,female,13673,1718,1106,678,"0,17",113
1122005,1178,103918,35-39,female,6828,2824,1091,1406,"0,1",146
1122006,1178,763917,35-39,female,11883,5525,643,2397,"0,05",128
1122007,1178,763917,35-39,male,15516,10084,278,2234,"0,07",151
1122011,1178,763917,35-39,female,7304,7665,226,1147,"0,14",164
1122012,1178,103917,35-39,female,6184,2492,1427,954,"0,12",118
1122022,1178,553917,35-39,female,9170,1463,277,2808,"0,05",141
1122027,1178,763917,35-39,male,1728,11556,1399,2611,"0,05",119
1122039,1178,103917,40-44,female,8959,9918,1438,277,"0,32",89
1122040,1178,553917,40-44,female,1983,4241,1176,1024,"0,17",174
1122041,1178,103917,40-44,male,8370,7989,678,2299,"0,07",156
1122043,1178,763417,40-44,male,8405,3482,786,1448,"0,08",115
1122044,1178,103918,40-44,female,14297,9570,847,1985,"0,07",143
1122047,1178,103918,40-44,male,4037,4435,364,2454,"0,04",98
1122052,1178,103918,40-44,male,13287,9693,1284,2038,"0,08",170
1122054,1178,103918,40-44,female,1855,1661,1368,176,"0,87",153
1122055,1178,763417,40-44,female,11458,5941,1302,189,"0,9",171
1122056,1178,763917,40-44,male,7744,8296,324,386,"0,36",140
1122058,1178,553917,40-44,male,14256,7647,1474,1266,"0,07",85
1122075,1178,763417,40-44,female,3751,9243,1476,2279,"0,04",80
1122078,1178,553917,40-44,female,14178,5571,1011,825,"0,11",93
1122079,1178,763417,40-44,male,11980,10112,991,971,"0,12",119
1122085,1178,103917,40-44,male,14852,8427,741,232,"0,75",174
1122089,1178,763917,40-44,male,15629,7888,1378,2534,"0,07",175
1122092,1178,763917,40-44,female,6668,10220,339,867,"0,21",178
1122101,1178,553917,40-44,female,5322,2533,1532,1080,"0,07",80
1122102,1178,763917,40-44,male,11073,11409,1505,895,"0,14",128
1122103,1178,103917,40-44,female,8878,10306,214,2166,"0,08",176
1122105,1178,103918,40-44,female,7821,11391,317,1017,"0,16",160
1122107,1178,103918,40-44,male,6540,6698,843,1442,"0,1",138
1122109,1178,763417,40-44,male,12787,7906,934,1711,"0,1",170
1122112,1178,103917,40-44,female,12639,7649,1537,1725,"0,1",172
1122113,1178,763917,40-44,female,14694,2315,737,2512,"0,07",180
1122118,1178,763917,40-44,female,8505,9202,720,1532,"0,08",120
1122120,1178,103917,40-44,female,9523,1984,1542,1377,"0,07",96
1122121,1178,763917,40-44,female,8299,7371,316,179,"0,97",173
1122125,1178,763917,40-44,male,2334,7794,1114,1013,"0,17",173
1122127,1178,103917,40-44,female,11998,9463,456,583,"0,26",152
1122131,1178,103917,40-44,male,2382,3371,1422,124,"1,06",132
1122138,1178,763917,40-44,female,15916,5546,758,319,"0,29",94
1122139,1178,103917,40-44,female,12650,4439,921,912,"0,17",153
1122140,1178,763917,40-44,female,7087,1555,405,1462,"0,11",168
1122145,1178,103918,40-44,male,13887,7040,1365,2970,"0,04",113
1122146,1178,763917,40-44,female,1119,5265,392,324,"0,4",129
1122149,1178,763917,40-44,male,15824,8416,1528,2578,"0,05",117
1122154,1178,103918,40-44,female,5007,4826,1290,1896,"0,06",117
1122157,1178,553917,40-44,female,14452,4948,790,317,"0,3",95
1122160,1178,553917,40-44,male,1655,4246,1485,2868,"0,05",148
1122165,1178,763917,40-44,female,6660,10220,533,1067,"0,08",89
1122166,1178,553917,40-44,male,4173,7656,864,1170,"0,13",154
1122176,1178,103918,40-44,female,14476,5830,805,1457,"0,06",84
1122177,1178,103918,40-44,male,8437,3078,1247,2276,"0,07",155
1122182,1178,103918,40-44,female,8242,9271,1254,1920,"0,08",156
1122183,1178,103918,40-44,female,4668,7629,925,2067,"0,04",92
1122189,1178,103917,45-49,male,2112,3392,369,2294,"0,04",91
1122191,1178,763417,45-49,female,16016,4172,1559,1198,"0,07",84
1122192,1178,763417,45-49,female,8905,5887,1534,771,"0,22",167
1122193,1178,103918,45-49,female,13721,9374,746,1186,"0,12",146
1122197,1178,763417,45-49,female,4781,10760,498,2442,"0,04",103
1122200,1178,103917,45-49,female,11105,5254,244,1237,"0,09",116
1122201,1178,103918,45-49,female,7220,1288,908,352,"0,36",126
1122202,1178,763917,45-49,male,14859,9687,872,1086,"0,14",155
1122203,1178,103917,45-49,female,7822,8937,1324,1471,"0,07",110
1122204,1178,763917,45-49,female,6262,5794,1283,1689,"0,09",145
1122205,1178,763917,45-49,female,4549,9005,382,1433,"0,07",103
1122209,1178,763917,45-49,male,12581,8679,232,2759,"0,06",173
1122210,1178,553917,45-49,female,8375,3326,936,1730,"0,1",167
1122211,1178,103918,45-49,female,14550,6433,1335,1907,"0,08",157
1122212,1178,763417,45-49,female,4131,6029,1275,2233,"0,07",154
1122213,1178,103918,45-49,female,1014,2738,627,2103,"0,07",139
1122216,1178,763917,45-49,female,8626,879,836,2173,"0,04",82
1122217,1178,103917,45-49,male,14417,2318,791,1258,"0,1",120
1122223,1178,763417,45-49,female,12734,7893,243,2662,"0,07",178
1122224,1178,763917,45-49,female,15656,8910,1563,1662,"0,1",160
1122225,1178,103917,45-49,female,11480,11476,1506,1600,"0,08",132
1122227,1178,103917,45-49,female,7253,6436,653,2988,"0,03",101
1122232,1178,763917,45-49,female,5543,7903,775,564,"0,29",165
1122233,1178,103918,45-49,female,9905,4065,1025,2562,"0,04",99
1122240,1178,763417,45-49,female,3991,9166,479,1389,"0,09",121
1122244,1178,763917,45-49,female,5935,9369,1053,2292,"0,05",123
1122246,1178,103917,45-49,female,8734,1292,1066,1637,"0,11",179
1122249,1178,763917,45-49,female,12660,8726,745,436,"0,33",143
1122253,1178,763917,45-49,female,11002,2210,203,2992,"0,05",150
1122254,1178,763917,45-49,female,1859,2591,399,2160,"0,07",147
1122257,1178,763417,45-49,female,9055,6258,978,652,"0,13",82
1122258,1178,763417,45-49,female,2358,4695,1043,2112,"0,05",103
1122260,1178,103917,45-49,female,15461,3198,1008,2110,"0,07",158
1122262,1178,103918,45-49,male,4826,1855,1172,771,"0,12",93
1122265,1178,103917,45-49,female,5206,4604,1384,1626,"0,07",108
1122266,1178,103917,45-49,female,4876,8427,981,1116,"0,11",119
1122267,1178,763417,25-29,male,4200,5318,606,1330,"0,1",134
1122268,1178,763917,25-29,male,10744,10193,394,2615,"0,04",93
1122270,1178,103917,25-29,male,1926,10269,975,2442,"0,06",141
1122271,1178,763917,25-29,female,11237,9264,568,1286,"0,07",86
1122273,1178,103918,25-29,female,12220,5130,1564,223,"0,77",171
1122274,1178,763917,25-29,male,1481,11818,364,1576,"0,05",80
1122276,1178,763917,25-29,male,5376,3861,1200,2848,"0,06",167
1122277,1178,763917,25-29,female,12148,8740,300,2085,"0,08",158
1122279,1178,763417,25-29,male,13529,2037,884,2877,"0,06",171
1122282,1178,103918,25-29,male,13270,7876,1129,2930,"0,05",144
1122288,1178,103918,25-29,female,7236,3969,958,2072,"0,07",155
1122290,1178,763917,25-29,female,16341,3449,1010,462,"0,32",147
1122303,1178,763917,25-29,female,13077,7671,621,2809,"0,04",103
1122304,1178,763417,25-29,female,2375,5440,796,2492,"0,07",164
1122308,1178,103917,25-29,female,9846,9365,1276,1782,"0,1",175
1122310,1178,103917,25-29,female,1722,7364,1448,269,"0,62",168
1122311,1178,763417,25-29,female,11584,11318,1563,883,"0,19",171
1122312,1178,103918,25-29,female,6816,9926,608,2109,"0,08",175
1122313,1178,103918,25-29,male,4743,1176,692,1454,"0,08",123
1122316,1178,763417,25-29,male,1321,1250,1564,690,"0,22",154
1314296,1178,103917,30-34,female,14695,7261,571,2987,"0,03",89
1314297,1178,103918,30-34,female,5670,11442,760,2316,"0,05",118
1314298,1178,763917,30-34,male,14621,5332,1511,2566,"0,05",132
1314299,1178,763917,30-34,female,4453,1363,1421,575,"0,18",102
1314301,1178,763917,30-34,male,2442,2715,480,2380,"0,05",117
1314303,1178,103918,30-34,female,5055,11088,1285,133,"1,29",171
1314306,1178,763417,30-34,female,6933,10454,1352,827,"0,2",162
1314307,1178,763917,30-34,female,10517,2421,498,2823,"0,03",90
1314308,1178,763917,30-34,female,4325,7054,1373,2495,"0,06",159
1314309,1178,763917,30-34,female,16114,1414,272,2175,"0,06",138
1314312,1178,553917,35-39,female,3781,9103,1430,1332,"0,08",108
1314313,1178,763917,35-39,female,5728,6315,986,408,"0,37",149
1314314,1178,763917,35-39,male,8061,6974,1180,2821,"0,06",165
1314316,1178,763417,35-39,female,5801,11492,311,1200,"0,14",172
1314318,1178,763417,35-39,male,1150,1845,1301,2255,"0,04",88
1314319,1178,553917,35-39,female,12040,6746,1389,2187,"0,08",167
1314320,1178,763917,35-39,female,9143,3745,1257,2812,"0,03",84
1314321,1178,553917,35-39,male,15033,11124,877,1778,"0,09",157
1314323,1178,103917,35-39,female,6145,8244,544,794,"0,13",105
1314324,1178,103918,35-39,female,8385,5086,693,1938,"0,07",134
1314325,1178,763917,35-39,female,6789,2919,1065,882,"0,1",90
1314326,1178,103917,40-44,female,1171,7272,1090,1429,"0,12",169
1314327,1178,103917,40-44,female,15092,3535,579,487,"0,22",105
1314330,1178,763917,40-44,male,12786,10653,757,2799,"0,06",164
1314331,1178,103917,40-44,female,14160,8704,428,2338,"0,04",83
1314332,1178,103918,40-44,male,6551,8954,1418,1763,"0,08",147
1314333,1178,103917,40-44,female,10116,5899,934,2859,"0,05",151
1314334,1178,103918,40-44,male,2208,10752,597,1109,"0,11",127
1314336,1178,553917,40-44,female,14402,2127,264,1379,"0,07",101
1314337,1178,553917,40-44,female,13634,3287,444,1575,"0,09",144
1314338,1178,103918,40-44,female,8776,11374,1184,2177,"0,07",151
1314339,1178,763917,40-44,female,6936,4055,1138,489,"0,21",103
1314341,1178,103918,45-49,female,3082,11038,1246,207,"0,48",100
1314343,1178,763417,45-49,female,1584,6093,290,834,"0,22",180
1314345,1178,103918,45-49,female,15287,4323,698,333,"0,34",112
1314346,1178,103918,45-49,female,12543,5339,310,1696,"0,09",149
1314348,1178,763917,45-49,female,5967,5206,1038,1429,"0,11",154
1314349,1178,763417,45-49,female,5914,6323,1309,1885,"0,08",158
1314350,1178,103917,45-49,female,13026,1808,404,2029,"0,06",122
1314351,1178,763917,45-49,male,9888,10520,1545,1006,"0,14",144
1314353,1178,103918,45-49,female,8348,5841,1517,2198,"0,05",120
1314354,1178,763417,45-49,female,6497,9859,1017,279,"0,6",167
1314355,1178,103917,45-49,female,7262,5755,917,1069,"0,13",136
1314357,1178,103917,30-34,male,1365,11689,513,1957,"0,05",97
1314358,1178,763917,30-34,female,16198,10319,1557,2117,"0,07",138
1314359,1178,763917,30-34,female,12605,4778,349,766,"0,15",114
1314360,1178,763417,30-34,female,8332,5577,1402,1840,"0,05",90
1314361,1178,763417,30-34,male,14912,3848,245,702,"0,22",153
1314362,1178,103917,30-34,male,13934,873,296,1749,"0,06",101
1314363,1178,103918,30-34,female,9716,6743,1563,214,"0,65",140
1314364,1178,763417,30-34,female,2517,11753,1493,2637,"0,05",142
1314365,1178,103917,30-34,female,2580,9733,410,736,"0,21",156
1314366,1178,103918,30-34,female,15842,11024,804,1603,"0,08",122
1314367,1178,763917,30-34,male,8189,10832,1109,2266,"0,07",161
1314368,1178,763417,30-34,female,2877,11884,1191,2438,"0,06",148
1314371,1178,103917,35-39,female,8236,7376,323,231,"0,51",117
1314372,1178,763917,35-39,male,7936,7305,925,2624,"0,04",116
1314373,1178,103917,35-39,male,9941,7792,1341,1605,"0,07",119
1314377,1178,103917,35-39,female,3994,4958,793,1637,"0,09",148
1314378,1178,553917,35-39,male,9161,4888,1400,1019,"0,14",145
1314379,1178,553917,35-39,female,2536,1640,925,1790,"0,05",82
1314380,1178,763417,35-39,female,6582,8669,1396,384,"0,28",108
1314381,1178,553917,35-39,female,12858,2028,515,822,"0,21",170
1314382,1178,103918,35-39,male,11618,1874,434,612,"0,27",167
1314383,1178,103918,35-39,male,5267,11773,595,2557,"0,05",139
1314384,1178,103918,35-39,female,9500,1287,1410,2755,"0,03",81
1314385,1178,763917,35-39,female,6516,823,370,695,"0,13",90
1314386,1178,763917,25-29,male,1617,10238,914,1244,"0,11",132
1314387,1178,103917,25-29,male,4410,11212,668,456,"0,3",136
1314388,1178,763417,25-29,male,7638,2380,611,1761,"0,1",168
1314389,1178,763417,25-29,male,8600,11014,669,2300,"0,04",82
1314390,1178,763917,25-29,female,1317,9950,1135,1324,"0,11",141
1314391,1178,103917,25-29,female,4205,8202,878,2979,"0,05",138
1314392,1178,103917,25-29,female,8729,7754,329,2862,"0,05",129
1314393,1178,103918,25-29,female,8967,2033,989,2988,"0,06",170
1314394,1178,103918,25-29,male,15199,9422,1408,211,"0,51",107
1314395,1178,103917,25-29,female,8608,10689,541,2398,"0,07",179
1314396,1178,763417,25-29,male,14481,1514,230,1115,"0,13",148
1314397,1178,103917,25-29,female,2386,6480,267,126,"1,25",158
1314398,1178,763417,25-29,female,5812,10835,1491,549,"0,23",125
1314400,1178,763917,25-29,male,14912,2627,1202,419,"0,32",132
1314401,1178,103917,25-29,male,10177,9458,1071,2785,"0,05",128
1314402,1178,763917,25-29,female,9570,4791,321,2292,"0,06",139
1314403,1178,553917,25-29,female,7533,3509,964,1565,"0,06",97
1314404,1178,763917,25-29,female,1286,11194,1448,2646,"0,07",175
1314405,1178,763917,25-29,male,8371,9078,429,1424,"0,12",167
1314406,1178,103918,25-29,female,8231,4318,1107,622,"0,15",93
1314407,1178,103917,25-29,male,6421,3072,245,1282,"0,1",125
1314408,1178,763417,25-29,female,7378,7852,617,2921,"0,05",140
1314409,1178,763917,25-29,female,14284,11009,1337,2567,"0,06",158
1314410,1178,763917,25-29,female,10951,7290,251,478,"0,21",101
1314411,1178,763917,25-29,male,5372,1559,972,1615,"0,11",173
1314412,1178,103917,25-29,female,14994,2000,1303,2863,"0,06",159
1314414,1178,103918,25-29,male,4198,1184,378,463,"0,32",147
1314415,1178,103918,25-29,male,10756,3089,420,1318,"0,1",128