email_id,email_type,subject_hotness_score,email_source_type,customer_location,email_campaign_type,total_past_communications,time_email_sent_category,total_links,total_images
EMA00081000168000,1,0.3,2,Zacatecas,3,42,2,14,0
EMA00081000187610,1,1.3,2,Monterrey,2,32,1,26,11
EMA00081000244770,2,0.0,1,Veracruz,3,21,1,8,2
EMA00081000245260,1,2.3,1,Aguascalientes,2,25,3,9,5
EMA00081000264690,1,1.2,2,Ciudad de México,2,30,2,31,14
EMA00081000337110,1,0.1,2,Veracruz,3,25,2,31,-1
EMA00081000390580,2,0.3,1,Aguascalientes,1,0,1,1,0
EMA00081000445960,1,1.6,1,Zacatecas,2,1,1,11,3
EMA00081000581770,1,0.2,2,Zacatecas,2,33,2,21,2
EMA00081000587870,1,0.2,2,Zacatecas,3,23,2,2,0
EMA00081000687250,1,2.4,2,Aguascalientes,2,17,2,11,1
EMA00081001253450,1,0.0,1,San Luis,3,56,2,21,20
EMA00081001748000,2,0.5,1,Tijuana,2,41,1,4,1
EMA00081001796900,1,0.1,1,Guadalajara,3,1,3,21,8
EMA00081001883930,1,0.7,2,Veracruz,2,33,2,16,14
EMA00081001980260,1,2.2,1,Sinaloa,2,31,2,21,18
EMA00081002105120,1,0.9,2,Puebla,2,32,2,8,0
EMA00081002356960,1,0.3,1,Aguascalientes,3,32,2,9,8
EMA00081002624090,1,2.8,1,Monterrey,2,21,1,9,0
EMA00081002979120,1,1.2,2,Zacatecas,2,26,2,21,5
EMA00081003084980,1,0.1,1,Veracruz,3,45,1,28,18
EMA00081003287400,1,0.9,2,Sinaloa,2,60,2,36,-1
EMA00081003358300,1,0.7,1,Guadalajara,2,40,3,16,3
EMA00081003784910,1,1.2,1,Tijuana,2,1,2,6,0
EMA00081003872250,1,3.1,2,Guadalajara,2,9,3,21,2
EMA00081004026580,2,0.0,1,Guadalajara,1,0,2,1,0
EMA00081004165760,1,0.1,2,Veracruz,1,0,2,1,0
EMA00081004487970,1,3.1,1,Guadalajara,2,21,2,4,0
EMA00081004700990,1,1.3,2,Veracruz,2,26,3,7,0
EMA00081004734150,1,0.4,1,Guadalajara,2,28,3,31,28
EMA00081004931360,2,2.6,1,Sinaloa,2,8,2,3,0
EMA00081005095020,1,2.5,2,Zacatecas,2,20,2,4,0
EMA00081005299400,1,0.3,2,Sinaloa,3,10,3,4,0
EMA00081005462090,1,1.8,1,Ciudad de México,2,32,2,6,0
EMA00081005490200,1,0.4,2,Veracruz,2,29,2,26,9
EMA00081005709420,1,1.3,2,Puebla,2,35,2,14,0
EMA00081006296720,2,0.3,1,Monterrey,3,45,2,11,7
EMA00081006338140,1,0.3,2,Tijuana,3,42,3,11,0
EMA00081006454150,1,0.1,2,Aguascalientes,3,1,2,14,8
EMA00081006515590,2,0.4,1,Ciudad de México,2,30,2,11,0
EMA00081006589950,2,1.1,1,Guadalajara,2,1,2,14,0
EMA00081006932110,1,1.6,2,Puebla,2,32,2,14,7
EMA00081006985050,1,0.3,1,Guadalajara,3,10,1,6,3
EMA00081007257180,1,1.7,2,Veracruz,2,34,2,8,7
EMA00081007340860,1,1.6,1,Puebla,2,34,2,4,0
EMA00081007348530,2,0.1,2,Puebla,3,39,3,6,0
EMA00081007784850,1,4.1,1,Zacatecas,2,10,2,4,1
EMA00081008167500,1,1.8,1,Guadalajara,2,25,2,9,0
EMA00081008275850,1,0.8,1,Puebla,2,43,2,21,-1
EMA00081008517920,1,1.4,1,Zacatecas,2,32,2,11,0
EMA00081008651870,2,0.5,1,San Luis,2,1,2,24,19
EMA00081008660090,2,2.0,1,Tijuana,2,20,3,3,-1
EMA00081008720530,1,0.0,1,Guadalajara,3,30,2,9,0
EMA00081009041530,2,1.2,1,San Luis,2,15,2,11,9
EMA00081009230400,2,0.1,1,Ciudad de México,1,0,2,1,0
EMA00081009789300,1,0.0,1,Sinaloa,3,52,2,21,19
EMA00081009903570,1,1.1,2,San Luis,2,26,2,11,2
EMA00081010158440,2,2.1,1,San Luis,2,16,1,5,-1
EMA00081010349970,1,2.8,1,Ciudad de México,2,21,3,4,0
EMA00081010353680,2,3.7,1,Ciudad de México,2,12,2,6,0
EMA00081010379610,1,0.8,2,Tijuana,2,30,2,8,0
EMA00081010458660,2,2.4,1,Ciudad de México,2,11,2,11,0
EMA00081010665120,1,0.0,1,Puebla,3,32,1,5,0
EMA00081010827310,1,2.4,1,Puebla,2,11,2,11,0
EMA00081010973160,1,1.5,1,Puebla,2,21,2,14,3
EMA00081011068220,2,0.2,2,Puebla,1,0,2,-1,0
EMA00081011101420,1,0.1,1,Ciudad de México,3,1,2,16,-1
EMA00081011320340,2,1.3,1,Zacatecas,2,1,3,14,1
EMA00081011517010,1,1.0,2,Tijuana,2,34,1,7,0
EMA00081011547820,1,2.2,2,Sinaloa,2,19,2,14,-1
EMA00081011553930,1,1.7,1,Veracruz,2,1,2,6,2
EMA00081011712250,1,3.2,2,Puebla,2,25,3,6,0
EMA00081011801110,1,0.3,2,Ciudad de México,3,29,1,11,0
EMA00081011878230,2,2.7,1,Veracruz,2,14,1,4,0
EMA00081012051760,1,1.3,2,Monterrey,2,1,1,26,7
EMA00081012141850,2,0.3,1,Monterrey,3,1,2,21,7
EMA00081012272590,2,0.2,1,Zacatecas,2,43,2,6,0
EMA00081012370480,1,1.6,2,San Luis,2,30,2,41,37
EMA00081012716300,2,0.9,1,Sinaloa,2,13,3,6,5
EMA00081013030930,1,0.1,2,Puebla,3,60,1,4,-1
EMA00081013551530,1,0.3,2,Monterrey,3,53,2,9,6
EMA00081013595700,2,0.3,1,Puebla,2,22,2,9,0
EMA00081013632280,1,0.9,2,Tijuana,2,37,2,9,5
EMA00081013687090,1,0.7,1,San Luis,2,30,2,11,3
EMA00081013856080,1,1.2,2,Zacatecas,2,1,2,4,0
EMA00081014061410,1,0.0,2,Ciudad de México,3,30,1,34,20
EMA00081014089320,1,0.9,2,Ciudad de México,2,30,3,7,4
EMA00081014394470,1,1.3,2,Veracruz,2,1,2,24,12
EMA00081014464890,2,0.0,2,Puebla,3,30,3,4,3
EMA00081014924430,1,0.6,2,Guadalajara,2,20,1,6,5
EMA00081014999160,1,0.2,1,Ciudad de México,3,46,2,13,11
EMA00081015016980,1,3.2,2,Monterrey,2,10,2,7,0
EMA00081015133150,1,0.7,2,Ciudad de México,2,48,2,14,0
EMA00081015268930,2,0.3,2,Guadalajara,3,30,2,9,0
EMA00081015610750,1,2.6,2,San Luis,2,24,2,8,0
EMA00081015628880,2,2.6,1,Veracruz,2,5,2,4,0
EMA00081015635540,2,0.4,1,Aguascalientes,2,1,3,4,0
EMA00081015669840,1,0.5,2,Veracruz,2,31,1,6,0
EMA00081015920000,2,0.3,1,Puebla,2,25,2,8,5
EMA00081016006030,1,1.4,1,Veracruz,2,31,2,21,8
EMA00081016061050,1,2.3,2,Monterrey,2,33,2,8,0
EMA00081016079210,2,3.2,1,Ciudad de México,2,16,2,8,0
EMA00081016079930,2,0.1,2,Tijuana,3,46,2,14,13
EMA00081016293590,2,0.2,1,Veracruz,3,45,3,8,2
EMA00081016731550,1,1.6,2,San Luis,2,1,1,24,16
EMA00081017059930,1,0.5,1,Zacatecas,2,30,2,8,0
EMA00081017117570,2,0.3,2,Sinaloa,3,12,2,6,0
EMA00081017141240,1,0.4,2,Ciudad de México,2,30,2,11,8
EMA00081017182510,1,1.4,1,San Luis,2,22,2,6,0
EMA00081017536330,1,0.1,1,Veracruz,3,30,2,4,0
EMA00081017635250,1,3.0,2,Zacatecas,2,11,1,6,4
EMA00081017949190,1,2.9,1,Sinaloa,2,1,2,-1,0
EMA00081018508000,1,3.2,1,Tijuana,2,20,2,5,0
EMA00081018520860,1,1.4,1,Sinaloa,2,16,2,21,17
EMA00081018677820,2,0.1,1,Tijuana,3,29,3,10,0
EMA00081018690510,1,0.6,2,Zacatecas,2,18,2,14,8
EMA00081018704340,1,1.4,1,Sinaloa,2,17,2,6,0
EMA00081018790450,2,0.7,1,Guadalajara,2,25,2,21,16
EMA00081018804400,1,2.2,1,Aguascalientes,2,28,2,4,0
EMA00081018990910,2,3.0,1,Sinaloa,2,20,2,4,0
EMA00081019093520,1,2.1,2,Sinaloa,2,20,3,4,0
EMA00081019233260,2,3.8,1,Tijuana,2,16,1,6,0
EMA00081019271430,2,0.1,1,Zacatecas,2,52,2,6,0
EMA00081019872710,1,0.4,2,Ciudad de México,2,21,3,-1,0
EMA00081020122800,1,0.8,2,Tijuana,2,14,2,11,0
EMA00081020147150,2,0.2,2,Ciudad de México,3,26,1,9,0
EMA00081020172660,1,0.3,2,Tijuana,2,45,3,14,8
EMA00081020230370,1,1.9,2,Monterrey,2,13,3,9,0
EMA00081020322990,1,1.7,1,Zacatecas,2,24,2,5,0
EMA00081020439740,1,0.3,1,Tijuana,3,31,2,13,0
EMA00081020487100,1,1.2,1,Guadalajara,2,39,3,16,14
EMA00081020578830,2,0.3,1,San Luis,3,33,1,11,0
EMA00081020597120,2,0.8,1,Tijuana,2,27,3,11,0
EMA00081020903300,2,0.7,1,San Luis,2,30,2,4,0
EMA00081021100820,2,0.5,1,Aguascalientes,2,16,2,9,0
EMA00081021240540,1,2.2,2,San Luis,2,1,2,6,0
EMA00081021310560,2,2.6,1,Tijuana,2,20,1,3,1
EMA00081021665400,1,2.5,1,Guadalajara,2,26,2,4,0
EMA00081021833810,1,0.3,2,San Luis,2,25,2,21,17
EMA00081021927410,2,0.0,1,Veracruz,3,20,2,5,2
EMA00081022015790,1,3.3,1,Veracruz,2,18,2,8,1
EMA00081022068260,1,1.2,1,Ciudad de México,2,30,2,-1,3
EMA00081022115550,1,1.7,1,San Luis,2,24,2,21,11
EMA00081022518990,1,1.1,2,Puebla,2,25,2,21,7
EMA00081022525420,2,0.3,1,Aguascalientes,2,47,3,8,0
EMA00081022529390,2,0.2,2,San Luis,3,38,2,19,11
EMA00081022563200,1,3.3,2,Sinaloa,2,14,2,8,2
EMA00081022665100,1,0.7,2,Sinaloa,2,12,2,8,0
EMA00081022706700,2,0.0,1,Monterrey,3,28,2,11,6
EMA00081022726270,1,0.1,2,Zacatecas,3,41,3,8,0
EMA00081022844820,1,0.1,1,San Luis,2,39,2,21,2
EMA00081022891070,1,0.3,2,Tijuana,2,40,2,-1,0
EMA00081022936890,2,2.4,1,Zacatecas,2,12,2,11,0
EMA00081023351060,1,2.1,2,Tijuana,2,30,1,2,0
EMA00081023520910,1,1.8,2,Monterrey,2,38,2,11,0
EMA00081023667880,1,0.1,1,Monterrey,3,43,2,14,6
EMA00081023761370,1,0.2,2,Sinaloa,3,1,2,11,0
EMA00081023839320,1,2.8,1,Tijuana,2,35,1,9,0
EMA00081023982180,1,0.3,1,Veracruz,2,23,1,-1,0
EMA00081024380420,1,2.0,1,Tijuana,2,10,2,14,0
EMA00081024516370,2,0.2,1,Aguascalientes,2,30,3,16,2
EMA00081024536260,2,0.1,1,Zacatecas,3,29,2,10,0
EMA00081024806650,2,0.7,1,Sinaloa,2,34,3,11,0
EMA00081025056620,1,1.9,2,Veracruz,2,20,2,11,3
EMA00081025353610,1,1.7,2,Zacatecas,2,11,2,14,3
EMA00081025367690,2,0.3,2,Guadalajara,3,36,2,9,2
EMA00081025409990,1,3.0,2,Ciudad de México,2,17,3,8,0
EMA00081025427960,1,0.7,2,Ciudad de México,2,38,2,16,5
EMA00081025447360,2,0.0,2,Monterrey,3,24,1,9,0
EMA00081025712170,1,0.0,2,Sinaloa,3,38,2,7,0
EMA00081025769030,1,0.1,1,Monterrey,3,43,2,14,7
EMA00081025965880,1,3.3,1,Puebla,2,27,3,6,0
EMA00081026074370,1,0.9,2,Guadalajara,2,20,2,18,13
EMA00081026560900,1,0.0,1,Zacatecas,3,57,2,11,5
EMA00081026600310,1,1.1,1,Ciudad de México,2,1,2,9,0
EMA00081026604590,2,0.3,2,Veracruz,3,46,3,4,0
EMA00081026883470,2,0.2,2,Monterrey,3,27,2,4,0
EMA00081027037030,1,2.2,1,Veracruz,2,10,2,9,6
EMA00081027356390,1,0.5,1,Aguascalientes,2,1,2,14,1
EMA00081027426500,1,1.3,1,Aguascalientes,2,35,2,6,3
EMA00081027611290,1,0.1,2,Tijuana,3,27,2,6,4
EMA00081027615600,2,0.2,1,Aguascalientes,3,25,3,3,0
EMA00081027646570,2,0.9,1,Ciudad de México,2,1,2,14,2
EMA00081027658350,1,2.1,1,Veracruz,2,17,2,14,-1
EMA00081027742960,1,1.7,1,Aguascalientes,2,21,2,21,19
EMA00081027888690,1,2.0,2,Veracruz,2,26,1,-1,1
EMA00081027964770,2,0.0,1,Sinaloa,3,25,3,8,0
EMA00081027974390,1,0.8,1,Monterrey,2,28,1,31,20
EMA00081028341840,2,1.9,1,Tijuana,2,1,1,6,0
EMA00081028346750,1,2.3,1,Sinaloa,2,18,2,8,0
EMA00081028379520,1,0.1,2,Veracruz,3,53,2,9,0
EMA00081028527340,1,2.3,2,Veracruz,2,29,3,4,0
EMA00081028619960,1,0.5,2,Tijuana,2,34,2,9,8
EMA00081028700200,1,2.5,2,Sinaloa,2,11,2,11,0
EMA00081028860700,2,0.3,1,Puebla,3,45,1,8,0
EMA00081029211570,1,0.0,1,Aguascalientes,3,33,3,6,0
EMA00081029263320,2,0.1,2,Guadalajara,3,44,2,11,10
EMA00081029294300,2,0.0,2,Puebla,3,1,2,16,0
EMA00081029555170,1,0.7,2,Sinaloa,2,25,2,11,0
EMA00081029603120,2,2.3,1,Monterrey,2,15,2,5,0
EMA00081029808510,1,0.2,2,Aguascalientes,3,31,2,16,1
EMA00081029974560,1,0.3,1,Veracruz,3,27,1,13,-1
EMA00081030047550,1,1.4,2,Ciudad de México,2,1,1,8,0
EMA00081030050370,1,0.5,1,Guadalajara,2,39,1,14,8
EMA00081030422380,1,1.7,2,Tijuana,2,31,3,6,0
EMA00081030497050,1,3.5,2,Zacatecas,2,1,2,6,0
EMA00081030596650,1,1.8,2,San Luis,2,1,2,4,0
EMA00081030637090,1,0.1,2,Sinaloa,2,1,2,6,3
EMA00081030741790,1,0.7,2,Puebla,2,43,2,9,0
EMA00081030869800,1,0.2,1,Puebla,3,52,2,11,0
EMA00081030893120,1,1.4,2,Guadalajara,2,18,2,9,0
EMA00081030990620,1,0.2,2,San Luis,2,33,2,-1,1
EMA00081031119060,2,1.8,1,Monterrey,2,18,1,4,0
EMA00081031161910,1,0.3,2,Tijuana,3,27,3,14,5
EMA00081031271710,1,1.8,2,Zacatecas,2,23,3,7,4
EMA00081031554960,2,1.7,1,Zacatecas,2,32,2,4,0
EMA00081031555710,1,1.5,2,Zacatecas,2,25,2,9,-1
EMA00081031562640,2,1.6,1,Ciudad de México,2,34,3,11,6
EMA00081031605720,1,2.2,1,Veracruz,2,20,2,4,0
EMA00081031630010,1,1.4,2,Ciudad de México,2,30,3,21,12
EMA00081031809020,2,0.3,1,Tijuana,3,32,2,5,4
EMA00081031831150,1,0.6,2,Guadalajara,2,34,2,4,0
EMA00081032285020,2,0.2,1,Puebla,3,37,1,8,1
EMA00081032320790,1,0.0,1,Puebla,3,54,3,9,0
EMA00081032670470,1,0.1,2,Guadalajara,3,47,1,9,0
EMA00081033033170,1,2.1,2,Tijuana,2,28,3,9,0
EMA00081033105680,2,0.0,2,Ciudad de México,3,24,1,6,0
EMA00081033121870,1,0.2,1,Tijuana,3,36,2,21,14
EMA00081033539250,1,1.2,1,Aguascalientes,2,38,2,31,30
EMA00081033689460,1,0.5,2,Puebla,2,29,3,31,17
EMA00081033739690,1,1.9,1,Monterrey,2,22,2,9,0
EMA00081033752060,2,1.2,1,Ciudad de México,2,30,1,2,0
EMA00081033761460,1,1.5,2,Monterrey,2,18,2,21,15
EMA00081034272710,2,0.0,2,San Luis,3,28,2,6,0
EMA00081034302110,2,0.2,2,Monterrey,3,50,2,6,2
EMA00081034563550,1,0.2,1,Ciudad de México,3,40,2,6,0
EMA00081034635550,1,3.8,1,Guadalajara,2,1,1,8,1
EMA00081034984460,1,0.5,1,San Luis,2,46,3,6,5
EMA00081035142330,1,0.7,1,Ciudad de México,2,19,2,16,0
EMA00081035237060,1,1.5,2,Tijuana,2,17,2,16,5
EMA00081035445650,1,1.1,2,Puebla,2,1,2,6,0
EMA00081035460590,2,0.3,2,Zacatecas,3,14,3,2,0
EMA00081035794400,1,0.3,1,Aguascalientes,3,40,3,19,12
EMA00081035885520,2,0.1,2,Zacatecas,1,0,3,1,0
EMA00081036100870,2,1.2,1,Zacatecas,2,13,3,4,0
EMA00081036289040,1,1.7,2,Tijuana,2,42,2,6,0
EMA00081036358940,1,1.7,2,Monterrey,2,1,2,4,0
EMA00081036378790,1,2.3,2,Guadalajara,2,6,2,9,6
EMA00081036399820,1,0.3,1,Sinaloa,2,1,2,16,8
EMA00081036412060,1,1.4,2,Aguascalientes,2,42,3,11,0
EMA00081036431960,2,0.3,2,Tijuana,3,43,2,8,0
EMA00081036515870,1,1.8,2,San Luis,2,37,3,16,0
EMA00081036570670,1,0.1,2,Sinaloa,3,22,2,11,4
EMA00081036583690,1,0.8,2,Ciudad de México,2,44,3,6,0
EMA00081037072680,1,0.1,1,Guadalajara,2,1,2,11,9
EMA00081037745150,1,2.1,2,San Luis,2,11,3,3,0
EMA00081037782440,1,1.7,2,Ciudad de México,2,17,3,11,8
EMA00081037821020,2,0.3,2,Zacatecas,3,1,1,21,15
EMA00081037854360,1,1.1,1,Zacatecas,2,42,2,6,0
EMA00081037977750,1,1.3,1,Guadalajara,2,41,2,8,0
EMA00081038284690,1,0.3,1,Zacatecas,3,42,2,6,0
EMA00081038323230,1,1.2,2,Aguascalientes,2,39,1,21,3
EMA00081038364100,1,2.9,1,Ciudad de México,2,20,3,9,0
EMA00081038382670,2,0.1,1,Guadalajara,2,38,2,3,0
EMA00081038594870,1,1.9,2,Sinaloa,2,37,1,7,0
EMA00081038915960,1,1.5,2,San Luis,2,30,2,8,0
EMA00081039043180,1,0.3,2,Aguascalientes,3,34,3,-1,6
EMA00081039377620,1,0.2,2,Zacatecas,2,29,2,16,5
EMA00081039512490,1,0.0,1,San Luis,2,37,3,31,23
EMA00081039772760,1,0.1,2,Tijuana,3,20,2,2,0
EMA00081039782920,1,1.5,1,Monterrey,2,33,1,6,5
EMA00081039865090,1,1.2,2,Puebla,2,40,2,9,0
EMA00081040102930,1,0.4,2,Sinaloa,2,51,1,14,8
EMA00081040271640,2,2.3,1,Aguascalientes,2,30,3,11,7
EMA00081040298210,2,0.3,1,Guadalajara,3,6,1,6,0
EMA00081040454160,2,0.2,1,Zacatecas,2,26,2,11,0
EMA00081040510420,1,0.6,2,Monterrey,2,28,2,4,0
EMA00081040513320,1,2.1,2,Guadalajara,2,13,2,6,0
EMA00081040822660,1,1.0,2,Puebla,2,27,2,6,5
EMA00081040992040,1,0.8,1,Tijuana,2,42,2,14,0
EMA00081041083470,2,0.3,1,Puebla,3,20,3,31,14
EMA00081041113240,1,0.7,2,Ciudad de México,2,40,2,14,0
EMA00081041137690,1,2.3,2,Veracruz,2,12,2,4,1
EMA00081041148870,1,1.6,2,San Luis,2,9,2,21,17
EMA00081041253130,1,0.1,2,Sinaloa,3,32,2,6,0
EMA00081041418870,1,0.3,1,Sinaloa,3,50,1,6,0
EMA00081041441080,1,0.8,1,Aguascalientes,2,22,2,9,0
EMA00081041448980,1,1.0,1,Sinaloa,2,41,1,16,11
EMA00081041512330,1,1.0,1,Aguascalientes,2,1,1,26,11
EMA00081041521580,1,0.8,2,Puebla,2,31,2,9,0
EMA00081041564230,1,2.4,1,Puebla,2,17,1,6,3
EMA00081041621360,1,1.5,2,Tijuana,2,15,1,8,4
EMA00081041730470,1,0.2,1,Monterrey,3,1,3,4,0
EMA00081041805690,1,3.7,2,Guadalajara,2,1,1,6,0
EMA00081041978010,1,3.1,2,Sinaloa,2,1,2,4,-1
EMA00081042002230,1,1.2,1,Zacatecas,2,36,1,6,0
EMA00081042178510,1,0.4,2,Ciudad de México,2,30,2,6,4
EMA00081042257100,1,0.2,1,Aguascalientes,2,45,2,9,0
EMA00081042446130,2,0.2,2,San Luis,1,0,2,1,0
EMA00081042485040,1,2.3,1,San Luis,2,24,2,21,4
EMA00081042504420,1,0.3,2,Monterrey,2,62,2,6,5
EMA00081042589010,1,0.4,2,Zacatecas,2,17,2,26,17
EMA00081042750700,1,1.6,1,San Luis,2,40,2,11,0
EMA00081042962650,1,3.3,1,Monterrey,2,14,2,11,4
EMA00081043102140,1,1.1,1,Sinaloa,2,30,2,21,8
EMA00081043112290,1,0.3,2,Sinaloa,3,42,2,4,3
EMA00081043129900,2,1.4,1,Aguascalientes,2,24,3,4,0
EMA00081043193130,1,2.3,2,Puebla,2,16,3,11,0
EMA00081043239940,1,1.3,2,Veracruz,2,20,1,7,0
EMA00081043356850,1,0.1,2,San Luis,3,47,2,14,12
EMA00081043423570,1,0.2,2,Sinaloa,3,42,2,4,-1
EMA00081043785950,2,0.0,1,Monterrey,3,37,1,11,0
EMA00081043840190,1,1.4,1,San Luis,2,20,2,14,6
EMA00081044162840,1,0.1,1,Sinaloa,3,50,3,21,4
EMA00081044254130,1,1.9,2,Veracruz,2,30,1,7,0
EMA00081044386280,2,0.1,2,Ciudad de México,3,55,1,11,4
EMA00081044597390,2,0.2,1,Puebla,3,47,3,11,0
EMA00081044799100,1,0.5,2,Monterrey,2,45,2,36,23
EMA00081044878330,1,0.0,2,Guadalajara,3,1,1,4,1
EMA00081044907650,1,0.9,1,Zacatecas,2,50,2,31,27
EMA00081044957790,2,2.4,1,Guadalajara,2,22,2,4,0
EMA00081045122440,1,1.0,2,Zacatecas,2,12,3,26,10
EMA00081045322020,2,1.3,1,Monterrey,2,22,3,-1,0
EMA00081045342920,1,1.8,2,Monterrey,2,19,3,6,0
EMA00081045616700,1,1.1,1,Tijuana,2,28,2,6,0
EMA00081045768080,2,0.2,1,Guadalajara,3,29,2,4,0
EMA00081046323000,1,2.9,1,Tijuana,2,1,2,11,0
EMA00081046398450,1,0.2,1,Sinaloa,2,24,2,19,5
EMA00081046495790,1,0.5,1,Tijuana,2,36,1,11,0
EMA00081046593090,2,0.1,1,Aguascalientes,3,36,2,9,6
EMA00081046749870,1,0.1,1,Monterrey,3,25,3,8,0
EMA00081046800900,1,1.5,1,Guadalajara,2,35,3,9,4
EMA00081046906380,1,1.4,2,Aguascalientes,2,27,2,8,3
EMA00081046909390,1,2.6,1,Veracruz,2,22,2,6,0
EMA00081047201170,1,0.1,1,Ciudad de México,3,30,3,9,0
EMA00081047207030,1,2.5,2,Aguascalientes,2,14,1,3,2
EMA00081047478510,2,1.0,1,Veracruz,2,28,1,-1,0
EMA00081047851950,1,0.9,1,Tijuana,2,1,2,2,0
EMA00081048080290,1,3.7,1,Puebla,2,20,2,6,0
EMA00081048157820,1,0.2,1,Aguascalientes,2,44,3,6,5
EMA00081048267240,1,1.3,1,Guadalajara,2,15,2,6,0
EMA00081048283410,1,1.5,1,San Luis,2,19,2,29,24
EMA00081048323930,1,1.3,2,Puebla,2,15,2,9,3
EMA00081048353370,1,0.6,1,Sinaloa,2,38,3,9,7
EMA00081048479890,2,0.3,1,San Luis,2,17,2,6,0
EMA00081048602520,1,3.1,1,Puebla,2,11,2,21,12
EMA00081048627690,1,0.2,1,Sinaloa,3,51,1,5,0
EMA00081048635800,1,2.0,2,Guadalajara,2,10,2,8,5
EMA00081048672420,1,0.7,2,Zacatecas,2,43,1,14,0
EMA00081049192350,2,0.3,1,San Luis,3,16,2,11,7
EMA00081049588610,1,0.3,1,Zacatecas,2,34,3,9,0
EMA00081049592430,2,0.1,1,Tijuana,3,29,2,2,0
EMA00081049604080,1,0.3,1,Sinaloa,3,47,3,2,1
EMA00081049646520,1,1.1,2,Monterrey,2,10,2,5,0
EMA00081049656420,1,1.9,1,San Luis,2,25,3,21,10
EMA00081049677810,1,0.1,2,San Luis,3,19,1,6,0
EMA00081050065410,1,3.0,2,Aguascalientes,2,1,3,8,4
EMA00081050085480,1,1.6,2,Guadalajara,2,45,2,-1,3
EMA00081050204300,1,0.5,2,Veracruz,2,40,2,6,0
EMA00081050225670,1,0.6,2,Tijuana,2,15,2,26,23
EMA00081050276500,2,0.1,2,Zacatecas,3,21,3,6,0
EMA00081050537100,1,0.5,2,Puebla,2,27,1,7,0
EMA00081050545300,1,1.3,2,Zacatecas,2,45,2,6,5
EMA00081050654590,1,1.5,1,Sinaloa,2,25,3,11,0
EMA00081050893420,1,0.1,1,San Luis,3,1,2,16,6
EMA00081050993030,1,0.0,2,Monterrey,3,1,2,14,0
EMA00081051087830,2,0.2,1,Ciudad de México,2,27,1,4,0
EMA00081051135720,2,0.3,1,Veracruz,3,1,1,16,4
EMA00081051210870,1,1.0,2,Guadalajara,2,1,2,14,0
EMA00081051215700,1,1.3,2,Veracruz,2,36,2,14,11
EMA00081051342450,2,0.1,1,Aguascalientes,2,30,2,11,7
EMA00081051565340,1,0.9,1,San Luis,2,24,2,7,0
EMA00081051643610,1,0.0,1,Puebla,3,40,2,13,8
EMA00081051812790,1,0.1,2,Tijuana,3,44,2,4,0
EMA00081052000360,1,0.3,2,Guadalajara,3,1,3,9,0
EMA00081052432490,2,0.6,1,Aguascalientes,2,49,3,-1,3
EMA00081052491940,1,1.5,1,San Luis,2,20,2,6,0
EMA00081052730250,1,0.2,1,Sinaloa,3,49,1,5,0
EMA00081052892620,1,4.4,2,Guadalajara,2,8,2,3,2
EMA00081052959920,2,0.1,2,Sinaloa,3,50,3,9,0
EMA00081053007170,1,3.8,2,Sinaloa,2,5,2,16,13
EMA00081053172710,1,0.7,2,San Luis,2,25,2,21,15
EMA00081053235200,1,2.2,2,San Luis,2,17,2,26,25
EMA00081053523800,2,0.4,1,San Luis,2,18,2,6,0
EMA00081053669310,2,1.4,1,Puebla,2,1,2,18,12
EMA00081053835540,1,0.3,1,Aguascalientes,3,38,1,2,0
EMA00081054021560,1,1.8,2,Monterrey,2,12,1,14,10
EMA00081054330120,1,0.9,1,Puebla,2,20,2,2,1
EMA00081054366760,2,2.9,1,Sinaloa,2,13,2,5,0
EMA00081054382100,1,0.8,2,Guadalajara,2,38,2,26,17
EMA00081054499630,2,0.3,2,Sinaloa,3,37,2,6,0
EMA00081054580370,2,0.3,2,Puebla,3,25,2,11,8
EMA00081054786780,2,2.2,1,Monterrey,2,26,2,-1,4
EMA00081054817450,1,3.3,2,Puebla,2,13,1,6,1
EMA00081055044040,2,0.2,2,Veracruz,3,14,2,4,0
EMA00081055126250,2,0.3,1,Puebla,2,54,3,6,0
EMA00081055340580,2,0.3,1,Tijuana,3,31,1,6,0
EMA00081055470050,1,1.4,2,Sinaloa,2,1,3,6,0
EMA00081055480160,2,0.0,2,Veracruz,3,21,3,4,0
EMA00081055505070,1,0.6,2,Zacatecas,2,1,2,9,2
EMA00081055573850,1,1.7,1,Ciudad de México,2,39,2,11,0
EMA00081055747320,2,0.0,2,Ciudad de México,3,49,1,16,7
EMA00081055770040,2,0.2,1,Sinaloa,2,48,3,8,0
EMA00081055852340,1,0.6,2,Ciudad de México,2,46,1,11,10
EMA00081055928310,2,0.3,1,Sinaloa,3,40,3,6,0
EMA00081055948050,1,0.6,2,Sinaloa,2,1,2,-1,7
EMA00081055974840,1,2.3,1,Sinaloa,2,20,2,14,3
EMA00081055999900,2,0.2,1,Zacatecas,3,11,3,6,0
EMA00081056058410,2,1.0,1,Sinaloa,2,21,2,11,0
EMA00081056147550,2,0.6,1,Aguascalientes,2,22,2,7,0
EMA00081056180380,1,0.3,1,Sinaloa,3,49,3,4,0
EMA00081056187590,2,0.0,1,Tijuana,3,28,2,26,12
EMA00081056324400,2,0.4,1,Sinaloa,2,39,1,3,2
EMA00081056346290,1,0.2,1,Zacatecas,3,10,2,2,0
EMA00081056355010,1,1.6,1,Monterrey,2,20,2,8,0
EMA00081056435440,2,1.1,1,Puebla,2,1,1,6,2
EMA00081056631740,1,0.5,2,Veracruz,2,33,2,-1,0
EMA00081056860650,2,0.3,1,Puebla,3,47,2,11,0
EMA00081056877690,2,1.3,1,Tijuana,2,42,3,11,4
EMA00081056882930,1,2.1,1,Sinaloa,2,20,2,6,0
EMA00081057082200,1,1.4,2,Zacatecas,2,24,3,11,7
EMA00081057094040,2,1.4,1,Tijuana,2,24,2,26,13
EMA00081057134550,2,0.3,2,Monterrey,3,29,3,14,2
EMA00081057268250,1,0.7,1,Monterrey,2,20,3,2,0
EMA00081057330260,1,1.1,1,Guadalajara,2,28,2,41,32
EMA00081057404940,1,2.2,2,Aguascalientes,2,1,2,4,0
EMA00081057587160,1,0.7,2,Veracruz,2,41,2,-1,12
EMA00081057699330,1,1.3,2,Sinaloa,2,1,1,21,5
EMA00081058189130,1,0.0,2,Puebla,3,25,2,21,16
EMA00081058331170,1,1.8,2,Aguascalientes,2,30,2,21,13
EMA00081058469740,1,1.4,2,Aguascalientes,2,1,2,4,0
EMA00081058799410,1,3.8,2,Monterrey,2,14,1,9,8
EMA00081058874820,1,1.5,1,Sinaloa,2,40,2,16,0
EMA00081059022200,1,2.5,1,San Luis,2,32,1,31,21
EMA00081059170400,2,0.0,2,Aguascalientes,1,0,2,1,0
EMA00081059485300,1,2.7,1,Veracruz,2,12,3,11,6
EMA00081059494260,1,0.1,1,Monterrey,3,46,2,-1,0
EMA00081059863380,1,0.8,2,Zacatecas,2,37,1,6,0
EMA00081059905350,2,0.3,1,Sinaloa,3,25,1,5,0
EMA00081059997430,1,0.3,1,Tijuana,3,52,3,11,8
EMA00081060162140,1,1.2,1,Guadalajara,2,18,2,6,-1
EMA00081060275030,1,0.2,1,Monterrey,3,60,2,6,0
EMA00081060305430,1,0.1,1,Ciudad de México,3,36,2,16,10
EMA00081060354600,2,0.2,1,Ciudad de México,3,25,1,14,5
EMA00081060366980,1,1.8,2,Zacatecas,2,18,2,16,5
EMA00081060392250,1,0.9,1,Ciudad de México,2,54,2,11,9
EMA00081060452180,1,0.2,2,Tijuana,3,38,3,21,7
EMA00081060471220,1,0.1,1,Tijuana,2,37,2,16,7
EMA00081060789300,1,2.9,2,Tijuana,2,26,2,31,15
EMA00081060855680,1,0.1,1,Puebla,1,0,2,1,0
EMA00081060865940,1,1.2,2,Veracruz,2,41,1,6,3
EMA00081060877130,1,0.1,2,Tijuana,3,17,2,7,0
EMA00081060884050,1,1.7,1,San Luis,2,23,3,11,10
EMA00081061670090,1,1.9,2,Zacatecas,2,30,2,16,10
EMA00081062167510,2,0.2,2,Zacatecas,3,55,3,11,0
EMA00081062271760,2,1.6,1,Zacatecas,2,24,2,21,13
EMA00081062375160,1,1.2,1,Ciudad de México,2,19,2,11,0
EMA00081062507760,1,1.6,2,Puebla,2,26,2,6,0
EMA00081062666850,1,1.0,1,Zacatecas,2,39,2,11,0
EMA00081062853550,1,1.0,1,Guadalajara,2,47,2,41,22
EMA00081063117900,2,1.8,1,Ciudad de México,2,17,3,3,0
EMA00081063347100,2,0.2,2,Veracruz,3,32,3,16,10
EMA00081063716430,2,1.5,1,Puebla,2,17,2,4,0
EMA00081063955690,1,0.9,2,Tijuana,2,20,2,8,0
EMA00081064009270,1,0.2,2,San Luis,3,1,1,4,0
EMA00081064101410,2,0.0,2,Aguascalientes,3,5,2,4,0
EMA00081064133660,1,1.7,2,Monterrey,2,23,2,9,0
EMA00081064198080,1,0.9,2,Puebla,2,1,2,9,0
EMA00081064250510,1,1.8,2,Sinaloa,2,21,2,24,6
EMA00081064475110,1,2.7,1,Aguascalientes,2,19,2,8,3
EMA00081064601800,1,2.4,2,San Luis,2,29,2,11,1
EMA00081064647810,2,2.1,1,Puebla,2,18,3,8,6
EMA00081064657200,1,1.5,2,Ciudad de México,2,25,2,5,1
EMA00081064724620,1,0.6,2,Guadalajara,2,52,2,8,0
EMA00081065048780,2,0.0,1,Veracruz,3,10,2,16,0
EMA00081065095490,1,0.9,1,Tijuana,2,44,2,8,2
EMA00081065181860,2,0.3,1,Monterrey,3,43,1,5,0
EMA00081065194320,1,0.1,1,San Luis,3,7,2,11,0
EMA00081065440200,2,0.0,1,Monterrey,3,21,2,-1,0
EMA00081065548620,1,0.4,2,Ciudad de México,2,32,1,11,6
EMA00081065755700,2,0.3,2,Aguascalientes,3,27,1,6,0
EMA00081065840990,1,0.7,2,Puebla,2,19,2,18,4
EMA00081065861810,1,0.0,1,Monterrey,3,39,2,8,-1
EMA00081065964930,1,1.5,1,Guadalajara,2,31,1,6,0
EMA00081066033460,2,0.8,1,San Luis,2,16,2,5,0
EMA00081066393540,1,0.9,2,Guadalajara,2,26,2,11,2
EMA00081066402090,2,0.6,1,Veracruz,2,26,3,21,9
EMA00081066661640,1,0.2,2,Monterrey,2,37,2,6,0
EMA00081066800010,1,1.6,1,Monterrey,2,34,2,14,9
EMA00081066882790,2,0.2,1,Ciudad de México,3,54,2,16,0
EMA00081066922330,2,0.3,1,Veracruz,2,32,2,6,0
EMA00081067004740,1,0.4,2,Veracruz,2,39,2,11,6
EMA00081067013930,1,1.9,1,Tijuana,2,23,2,14,0
EMA00081067057450,1,0.3,1,San Luis,2,53,2,11,0
EMA00081067305550,1,2.4,2,Veracruz,2,15,3,6,0
EMA00081067530390,1,0.3,2,Monterrey,2,27,2,14,13
EMA00081067714970,2,0.1,1,Sinaloa,3,32,2,16,4
EMA00081067741250,1,0.3,1,Ciudad de México,3,40,3,6,5
EMA00081068079300,2,0.2,2,Zacatecas,3,48,1,9,0
EMA00081068080440,1,2.0,1,Veracruz,2,40,3,11,2
EMA00081068289860,1,0.3,2,Zacatecas,3,58,3,11,4
EMA00081068540070,1,3.1,2,Ciudad de México,2,26,2,21,8
EMA00081068567750,2,0.0,1,Monterrey,2,44,2,6,0
EMA00081068951340,1,0.0,1,Puebla,3,49,1,16,2
EMA00081068952310,1,1.7,2,Guadalajara,2,20,2,11,2
EMA00081068961300,1,0.8,2,Zacatecas,2,36,2,8,0
EMA00081069218650,2,0.1,1,Guadalajara,3,60,2,4,0
EMA00081069288130,1,0.3,1,Puebla,2,26,1,21,12
EMA00081069315860,2,0.2,1,Ciudad de México,2,1,1,4,0
EMA00081069397850,1,2.4,2,Aguascalientes,2,29,3,6,0
EMA00081069505010,1,1.9,2,Veracruz,2,35,3,4,0
EMA00081069547130,1,1.9,2,Guadalajara,2,26,2,14,0
EMA00081069742650,1,1.4,1,Tijuana,2,35,2,6,2
EMA00081069770410,1,2.3,2,Tijuana,2,31,1,6,0
EMA00081069800800,1,0.2,2,Monterrey,3,25,2,21,16
EMA00081069850280,2,0.0,1,Puebla,3,30,2,19,6
EMA00081069952780,1,0.8,2,Sinaloa,2,30,3,-1,2
EMA00081069984360,1,0.0,1,Tijuana,3,45,2,6,0
EMA00081070040950,1,0.8,1,Guadalajara,2,40,2,11,0
EMA00081070295550,1,0.3,2,Veracruz,3,30,2,14,1
EMA00081070347760,1,0.3,2,Tijuana,3,31,2,6,4
EMA00081070508040,1,3.2,2,Veracruz,2,14,1,11,0
EMA00081070535020,1,1.7,2,Veracruz,2,1,2,8,0
EMA00081070579810,1,0.9,1,Aguascalientes,2,1,2,4,3
EMA00081070952230,1,0.4,1,Sinaloa,2,32,3,11,4
EMA00081071143320,1,1.3,1,Tijuana,2,15,2,9,0
EMA00081071170350,1,1.1,2,Tijuana,2,19,1,11,0
EMA00081071193650,1,0.2,1,San Luis,3,52,2,19,7
EMA00081071538670,1,0.3,2,Zacatecas,3,48,1,11,8
EMA00081071590910,2,0.1,1,Ciudad de México,3,1,3,8,5
EMA00081071951710,2,0.1,2,Ciudad de México,3,1,2,14,0
EMA00081071968520,1,0.7,2,Guadalajara,2,42,1,21,7
EMA00081072017850,1,1.4,1,Guadalajara,2,22,2,9,6
EMA00081072122730,1,0.3,2,Zacatecas,2,37,2,12,8
EMA00081072205530,2,0.2,2,Monterrey,3,42,2,9,1
EMA00081072218010,1,0.2,2,Sinaloa,2,22,2,8,1
EMA00081072375060,1,1.5,1,San Luis,2,13,2,8,7
EMA00081072418930,1,0.2,2,Aguascalientes,3,8,1,11,0
EMA00081072547980,2,0.0,1,Tijuana,3,47,2,4,0
EMA00081072557670,1,1.7,1,Sinaloa,2,22,1,4,0
EMA00081072597850,1,1.9,1,Tijuana,2,43,3,21,17
EMA00081072633280,1,1.4,1,Aguascalientes,2,11,2,31,19
EMA00081072742430,1,0.2,2,San Luis,3,1,2,11,0
EMA00081072782470,2,1.2,1,Zacatecas,2,29,2,11,0
EMA00081072797320,2,2.1,1,Puebla,2,25,3,11,0
EMA00081072963370,1,0.2,1,Ciudad de México,2,37,2,13,10
EMA00081073165100,1,2.4,1,Aguascalientes,2,12,1,6,0
EMA00081073306310,1,2.4,2,Zacatecas,2,24,2,9,8
EMA00081073374310,1,2.1,2,Aguascalientes,2,25,1,14,0
EMA00081073385810,1,1.5,2,San Luis,2,46,2,7,0
EMA00081073796460,2,1.9,1,Ciudad de México,2,1,1,8,0
EMA00081073840610,1,0.3,1,Aguascalientes,2,49,2,21,11
EMA00081073871990,2,0.2,2,Veracruz,3,32,1,9,0
EMA00081074060780,1,2.0,2,Veracruz,2,39,3,4,0
EMA00081074237460,1,3.4,2,Zacatecas,2,16,2,4,0
EMA00081074405790,1,2.0,2,San Luis,2,1,1,9,8
EMA00081074501190,1,1.7,2,Tijuana,2,40,1,11,10
EMA00081074522000,2,0.4,1,Puebla,2,47,3,21,11
EMA00081074568190,1,0.6,1,Tijuana,2,35,2,21,13
EMA00081074678920,1,0.1,2,Sinaloa,2,1,2,9,0
EMA00081074771880,1,0.5,1,Puebla,2,20,2,4,0
EMA00081074801000,1,0.3,1,Sinaloa,3,59,2,9,3
EMA00081075056260,1,1.5,1,San Luis,2,21,1,11,4
EMA00081075109590,1,1.1,2,Puebla,2,15,2,11,0
EMA00081075279270,1,0.2,2,Monterrey,2,36,3,8,0
EMA00081075556310,2,0.2,1,Monterrey,3,55,2,6,2
EMA00081075879300,1,1.7,1,Puebla,2,38,2,21,9
EMA00081075949770,1,0.0,1,San Luis,3,42,1,11,0
EMA00081076078170,1,0.7,1,Aguascalientes,2,42,2,11,0
EMA00081076333970,2,0.0,1,Tijuana,3,22,2,2,0
EMA00081076554580,2,0.3,1,Zacatecas,2,44,2,11,0
EMA00081076562500,1,1.4,2,Veracruz,2,36,2,6,0
EMA00081076605840,1,2.0,1,Puebla,2,14,2,6,0
EMA00081076722920,1,1.2,2,San Luis,2,32,2,15,10
EMA00081076788670,2,2.0,1,San Luis,2,16,3,4,0
EMA00081076791250,1,2.1,1,Aguascalientes,2,29,2,-1,0
EMA00081076841210,1,0.1,1,Zacatecas,2,50,2,6,5
EMA00081076878500,1,3.4,2,Guadalajara,2,19,2,6,3
EMA00081076951380,2,0.2,1,San Luis,3,1,2,8,0
EMA00081077001250,2,1.7,1,Puebla,2,5,1,11,7
EMA00081077114670,2,0.2,1,Veracruz,3,29,1,7,2
EMA00081077419130,1,1.4,1,Guadalajara,2,21,2,11,4
EMA00081077516120,2,2.2,1,Guadalajara,2,1,3,4,0
EMA00081077602210,1,0.1,1,Puebla,3,58,3,6,4
EMA00081077652420,1,1.2,2,San Luis,2,1,2,18,15
EMA00081078002170,1,0.8,2,San Luis,2,9,2,11,10
EMA00081078033140,2,2.4,1,Tijuana,2,14,2,11,0
EMA00081078125390,1,1.9,1,Ciudad de México,2,37,2,7,0
EMA00081078178180,2,2.4,1,Monterrey,2,1,1,6,5
EMA00081078229580,1,3.1,1,Aguascalientes,2,20,2,6,0
EMA00081078503300,1,1.5,2,Zacatecas,2,30,3,26,20
EMA00081078570340,2,0.1,1,Puebla,3,49,2,9,0
EMA00081078881950,1,1.0,1,Sinaloa,2,40,2,8,0
EMA00081078905670,1,1.5,2,Zacatecas,2,35,2,29,17
EMA00081078931570,2,1.5,1,Tijuana,2,10,2,-1,0
EMA00081079176470,1,0.3,1,San Luis,2,46,2,14,0
EMA00081079205100,2,2.0,1,Ciudad de México,2,1,1,4,2
EMA00081079293650,2,3.9,1,Zacatecas,2,14,1,16,0
EMA00081079597660,1,0.0,2,Veracruz,3,34,2,11,3
EMA00081079613510,1,2.9,1,Aguascalientes,2,15,2,6,0
EMA00081079716730,2,0.3,2,Ciudad de México,3,55,1,21,8
EMA00081079765570,1,0.1,1,Zacatecas,3,55,2,6,0
EMA00081079955820,1,0.2,2,Aguascalientes,3,49,3,-1,12
EMA00081080009730,1,1.0,1,Sinaloa,2,51,2,9,1
EMA00081080097170,1,0.5,1,Puebla,2,40,1,6,0
EMA00081080243260,2,0.7,1,Puebla,2,31,2,11,7
EMA00081080300210,1,2.4,2,Tijuana,2,1,2,14,7
EMA00081080402170,1,2.1,1,Guadalajara,2,21,2,14,6
EMA00081080558920,2,0.2,2,Guadalajara,3,29,2,7,0
EMA00081080611910,1,2.0,1,Aguascalientes,2,32,2,9,0
EMA00081080629790,1,0.1,1,Guadalajara,3,55,2,4,0
EMA00081080691630,1,2.3,1,Sinaloa,2,13,2,-1,0
EMA00081080779660,2,0.3,2,San Luis,3,40,2,9,2
EMA00081080795470,1,1.1,2,Aguascalientes,2,31,2,11,2
EMA00081080854680,1,0.1,1,San Luis,3,45,2,9,3
EMA00081080952050,1,0.2,2,Aguascalientes,3,38,2,11,0
EMA00081081091510,2,0.1,2,Ciudad de México,3,22,3,21,3
EMA00081081348510,2,1.4,1,Veracruz,2,28,3,6,0
EMA00081081443290,1,0.1,2,Veracruz,3,24,2,4,0
EMA00081081628270,1,2.0,1,Puebla,2,34,2,9,7
EMA00081081640890,1,0.7,1,Veracruz,2,33,3,6,0
EMA00081081730910,2,0.3,1,Puebla,2,47,2,4,0
EMA00081081769400,1,0.2,2,Puebla,3,21,2,16,4
EMA00081081777730,1,2.8,2,San Luis,2,15,1,14,3
EMA00081081866710,1,0.5,1,Sinaloa,2,30,3,21,12
EMA00081082162210,1,0.1,2,Zacatecas,3,13,2,14,9
EMA00081082180680,1,1.2,2,San Luis,2,24,1,6,0
EMA00081082193140,1,0.3,1,Ciudad de México,2,49,2,6,0
EMA00081082195480,1,0.0,2,Tijuana,3,46,2,8,0
EMA00081082508560,1,1.4,2,Tijuana,2,17,2,14,7
EMA00081082576530,1,2.6,2,Veracruz,2,18,3,16,12
EMA00081082730240,1,0.2,1,Ciudad de México,3,56,2,4,0
EMA00081083440710,2,0.4,1,Puebla,2,40,3,6,0
EMA00081083500440,2,0.0,2,Ciudad de México,3,46,1,11,0
EMA00081083509750,2,1.3,1,Guadalajara,2,27,1,11,0
EMA00081083594530,1,0.3,1,Tijuana,2,37,3,7,2
EMA00081083678760,2,0.6,1,Zacatecas,2,29,3,8,0
EMA00081083730950,1,1.0,2,Sinaloa,2,27,2,4,0
EMA00081083867520,1,0.4,2,Sinaloa,2,15,2,11,0
EMA00081083889820,1,0.0,2,Sinaloa,3,47,2,8,0
EMA00081083901360,2,0.1,2,Veracruz,3,9,2,5,0
EMA00081084075050,1,0.6,2,Ciudad de México,2,35,2,11,0
EMA00081084395440,2,0.3,2,San Luis,3,51,2,11,1
EMA00081084527730,1,2.5,1,San Luis,2,20,2,14,1
EMA00081084533270,1,0.0,1,Veracruz,3,24,1,6,3
EMA00081084535200,1,0.6,2,Tijuana,2,30,3,14,6
EMA00081084565260,1,0.5,2,Veracruz,2,25,2,8,0
EMA00081084585380,2,0.2,2,Aguascalientes,3,24,3,19,2
EMA00081084806700,1,2.9,2,Monterrey,2,30,3,11,0
EMA00081084813100,1,0.5,2,San Luis,2,23,2,4,0
EMA00081084981040,1,2.0,2,Puebla,2,12,2,16,13
EMA00081085014870,1,0.1,2,Ciudad de México,3,54,2,6,0
EMA00081085131300,1,0.7,2,Veracruz,2,30,2,16,3
EMA00081085343790,2,2.8,1,Guadalajara,2,1,2,6,1
EMA00081085453100,1,1.4,2,Tijuana,2,12,3,21,7
EMA00081085948360,1,0.8,2,Aguascalientes,2,31,2,7,3
EMA00081085951820,2,1.9,1,Aguascalientes,2,17,2,11,3
EMA00081086038990,1,0.2,2,San Luis,3,21,1,6,5
EMA00081086269880,1,1.3,1,Guadalajara,2,33,2,4,0
EMA00081086322970,1,0.3,2,Puebla,3,27,3,7,0
EMA00081086339420,1,0.0,2,Tijuana,3,31,2,8,0
EMA00081086696500,1,0.0,2,Tijuana,3,41,2,16,0
EMA00081086964940,2,1.1,1,Monterrey,2,14,3,9,8
EMA00081087072820,1,0.6,2,Zacatecas,2,14,2,11,0
EMA00081087136410,1,1.4,2,Monterrey,2,17,2,6,2
EMA00081087140790,2,0.2,1,Guadalajara,3,25,1,13,0
EMA00081087674770,2,1.3,1,San Luis,2,20,2,6,0
EMA00081087709420,1,4.3,2,Zacatecas,2,19,2,4,0
EMA00081087757600,1,1.3,2,Puebla,2,26,2,6,0
EMA00081087979080,1,1.9,2,Sinaloa,2,7,2,21,20
EMA00081088069240,2,1.6,1,Sinaloa,2,21,2,11,0
EMA00081088189890,1,0.3,1,Ciudad de México,3,24,2,11,10
EMA00081088194910,1,2.2,2,Ciudad de México,2,19,2,4,2
EMA00081088370680,2,0.7,1,Puebla,2,27,1,6,0
EMA00081088444680,2,0.0,1,Zacatecas,3,1,2,26,11
EMA00081088880730,1,1.9,1,San Luis,2,20,1,14,8
EMA00081088885210,2,0.3,2,Veracruz,3,1,3,4,0
EMA00081088913650,1,0.5,2,Puebla,2,35,2,18,13
EMA00081089063470,1,1.6,1,Tijuana,2,36,2,9,5
EMA00081089133090,1,0.0,2,Tijuana,3,1,2,9,0
EMA00081089179620,1,0.6,2,Zacatecas,2,26,3,24,7
EMA00081089289340,2,1.6,1,Aguascalientes,2,39,3,6,2
EMA00081089457390,2,1.8,1,Veracruz,2,26,3,2,0
EMA00081089621470,2,1.2,1,Veracruz,2,15,2,8,3
EMA00081089824920,1,2.0,2,Zacatecas,2,28,1,21,4
EMA00081089923730,1,1.8,1,San Luis,2,27,2,9,0
EMA00081089940280,1,0.3,1,San Luis,3,41,1,21,6
EMA00081090048360,1,2.7,2,Zacatecas,2,23,2,8,0
EMA00081090489820,2,0.3,1,Ciudad de México,2,35,2,14,1
EMA00081090769880,2,1.3,1,Veracruz,2,21,2,6,0
EMA00081090904130,1,0.1,1,Zacatecas,2,24,2,8,0
EMA00081091216020,1,0.3,2,Veracruz,3,52,1,14,12
EMA00081091226540,2,0.0,2,Zacatecas,3,10,2,2,0
EMA00081091403220,1,0.2,2,Puebla,3,32,2,6,0
EMA00081091427270,1,1.1,2,Veracruz,2,20,1,6,1
EMA00081091580860,1,0.2,2,Monterrey,3,36,2,3,0
EMA00081091789530,1,0.4,2,Zacatecas,2,40,2,11,10
EMA00081091856810,2,0.1,1,Veracruz,3,35,3,8,0
EMA00081091876220,1,0.9,2,Monterrey,2,31,1,3,0
EMA00081091990830,1,2.0,2,Guadalajara,2,21,2,14,0
EMA00081092262790,1,1.3,1,Aguascalientes,2,27,3,6,0
EMA00081092469390,1,1.4,2,Puebla,2,44,2,19,3
EMA00081092528490,1,0.0,2,Monterrey,2,40,2,6,5
EMA00081092607270,1,2.0,2,Guadalajara,2,9,1,6,1
EMA00081092898960,2,3.3,1,Ciudad de México,2,10,3,9,0
EMA00081092950030,1,0.1,2,Monterrey,3,57,2,11,0
EMA00081093235260,1,0.2,2,Puebla,3,41,2,6,0
EMA00081093620970,1,0.1,1,Aguascalientes,3,33,1,11,0
EMA00081093739780,1,3.3,1,Ciudad de México,2,19,2,4,0
EMA00081093833070,1,0.6,1,Sinaloa,2,43,2,4,0
EMA00081093908770,1,1.1,1,Guadalajara,2,29,1,11,0
EMA00081093990260,2,0.9,1,Aguascalientes,2,47,2,11,7
EMA00081094051000,1,3.1,2,Tijuana,2,22,2,4,0
EMA00081094099120,2,2.4,1,Zacatecas,2,18,2,11,0
EMA00081094186540,1,2.9,1,Aguascalientes,2,21,2,9,0
EMA00081094223730,1,2.1,1,Aguascalientes,2,19,1,11,0
EMA00081094234470,2,0.1,1,Aguascalientes,3,49,1,8,1
EMA00081094348020,1,1.9,1,Aguascalientes,2,26,2,21,10
EMA00081094769140,1,2.2,2,Ciudad de México,2,20,2,11,0
EMA00081095267870,2,0.6,1,Guadalajara,2,1,2,4,1
EMA00081095428540,2,2.9,1,Monterrey,2,22,3,6,3
EMA00081095815930,1,2.1,2,Guadalajara,2,20,3,8,7
EMA00081095995760,2,1.3,1,Zacatecas,2,23,3,4,0
EMA00081096259940,1,1.9,2,Guadalajara,2,18,2,11,0
EMA00081096476910,2,0.1,1,Puebla,3,33,2,5,0
EMA00081096549600,2,0.1,1,Guadalajara,3,20,1,8,0
EMA00081096755980,1,0.3,2,Puebla,3,38,2,21,20
EMA00081096794310,2,0.3,1,Tijuana,2,27,2,2,0
EMA00081096799650,1,0.1,1,Veracruz,3,40,3,6,0
EMA00081096811630,1,1.8,2,Ciudad de México,2,18,2,4,0
EMA00081096842650,2,3.1,1,Puebla,2,16,3,4,0
EMA00081096876870,1,2.2,2,San Luis,2,13,2,16,14
EMA00081096925580,2,0.4,1,Puebla,2,50,2,16,14
EMA00081097018880,1,0.3,1,San Luis,3,1,1,21,18
EMA00081097053240,1,1.4,1,Zacatecas,2,1,3,4,0
EMA00081097270670,1,1.6,2,Guadalajara,2,1,3,11,4
EMA00081097566250,1,3.1,2,Veracruz,2,20,2,6,0
EMA00081097632180,1,1.0,1,Aguascalientes,2,36,1,-1,3
EMA00081097641300,1,0.7,1,Sinaloa,2,35,2,11,1
EMA00081097879530,2,0.1,2,Zacatecas,3,46,3,6,1
EMA00081098028800,1,0.8,1,Zacatecas,2,34,2,21,15
EMA00081098101790,1,0.5,1,Monterrey,2,44,2,18,0
EMA00081098189870,1,4.5,2,Guadalajara,2,19,3,6,0
EMA00081098246800,2,0.8,1,Aguascalientes,2,19,2,31,18
EMA00081098610930,2,0.2,1,Sinaloa,3,16,2,9,4
EMA00081098966690,1,2.7,2,Sinaloa,2,23,1,41,30
EMA00081099096720,2,0.5,1,Veracruz,2,28,1,8,3
EMA00081099374840,1,0.7,1,Zacatecas,2,21,2,4,0
EMA00081099474690,2,0.0,1,Sinaloa,3,23,2,14,0
EMA00081099480650,1,1.9,2,Aguascalientes,2,31,1,6,0
EMA00081099662740,1,1.4,1,Sinaloa,2,22,1,8,0
EMA00081099740580,2,0.6,1,Puebla,2,34,3,8,1
EMA00081099775730,1,1.1,1,Guadalajara,2,45,3,16,10
EMA00081100111540,1,0.4,2,Sinaloa,2,30,2,-1,0
EMA00081100120810,1,0.1,1,Puebla,3,21,3,11,0
EMA00081100339800,1,1.5,2,Tijuana,2,10,1,5,0
EMA00081100809380,2,1.5,1,Guadalajara,2,17,3,6,0
EMA00081100936140,1,2.0,1,Guadalajara,2,1,1,11,0
EMA00081101027070,1,0.7,2,Ciudad de México,2,12,1,4,0
EMA00081101105430,1,1.8,2,Sinaloa,2,15,1,14,0
EMA00081101161110,2,0.1,1,San Luis,3,27,2,5,0
EMA00081101180360,1,0.4,2,Veracruz,2,37,1,16,10
EMA00081101276950,1,2.6,2,Tijuana,2,36,2,8,0
EMA00081101293710,1,1.6,1,Sinaloa,2,1,1,6,0
EMA00081101377470,2,0.3,2,Guadalajara,3,49,2,4,0
EMA00081101426570,1,0.4,2,Zacatecas,2,13,1,7,0
EMA00081101439300,1,1.7,1,Monterrey,2,26,1,8,3
EMA00081101477230,2,1.0,1,San Luis,2,10,3,6,0
EMA00081101555280,1,0.9,1,Guadalajara,2,33,2,16,12
EMA00081101894970,1,0.6,2,Monterrey,2,44,2,8,0
EMA00081101962040,1,0.3,1,Sinaloa,3,31,2,8,2
EMA00081101977280,1,2.5,1,Guadalajara,2,35,2,6,0
EMA00081102052350,1,1.4,2,San Luis,2,1,2,7,0
EMA00081102055390,2,0.2,2,Zacatecas,3,56,1,9,3
EMA00081102132010,1,0.6,1,Veracruz,2,45,2,11,0
EMA00081102223130,1,0.0,1,Guadalajara,3,57,2,6,5
EMA00081102291800,1,3.5,2,Sinaloa,2,1,2,6,0
EMA00081102368090,2,0.3,2,Veracruz,3,1,2,16,5
EMA00081102370050,1,0.2,2,Aguascalientes,2,21,2,18,4
EMA00081102467880,1,1.6,1,Zacatecas,2,16,2,6,0
EMA00081102601670,1,0.7,2,Aguascalientes,2,21,3,9,4
EMA00081102606670,2,0.2,1,Puebla,3,40,2,14,0
EMA00081102753300,1,1.1,1,Monterrey,2,39,3,9,0
EMA00081102768150,1,0.2,2,Aguascalientes,3,1,2,11,0
EMA00081102824490,2,0.2,2,Guadalajara,3,21,3,9,-1
EMA00081102891850,1,0.2,1,Veracruz,3,60,1,21,4
EMA00081102949850,1,1.5,2,Monterrey,2,1,3,11,0
EMA00081103029000,1,0.5,1,Monterrey,2,39,2,5,-1
EMA00081103239580,1,2.3,1,Puebla,2,28,3,26,13
EMA00081103302560,1,2.6,1,Puebla,2,7,1,5,3
EMA00081104010000,1,1.3,1,Tijuana,2,38,2,14,5
EMA00081104045000,2,0.2,1,Ciudad de México,3,38,3,10,6
EMA00081104076250,1,1.3,1,Sinaloa,2,35,3,11,2
EMA00081104124830,1,0.4,2,Veracruz,2,40,2,14,10
EMA00081104190230,1,0.3,1,Zacatecas,3,46,2,16,0
EMA00081104529020,1,0.1,2,Veracruz,3,32,1,9,0
EMA00081104590450,1,1.2,1,Sinaloa,2,14,2,11,0
EMA00081104599520,1,0.1,2,Zacatecas,3,49,2,24,7
EMA00081104746770,2,0.3,1,San Luis,3,1,2,14,6
EMA00081104767690,1,1.7,2,Ciudad de México,2,1,1,11,0
EMA00081105015450,1,0.3,1,Tijuana,3,39,2,11,0
EMA00081105037710,1,0.7,1,Veracruz,2,33,2,21,19
EMA00081105103480,1,0.2,1,San Luis,3,30,2,9,8
EMA00081105263140,2,0.5,1,Sinaloa,2,23,2,6,0
EMA00081105278980,1,0.8,2,Ciudad de México,2,32,2,6,-1
EMA00081105304460,1,2.2,2,Tijuana,2,5,2,4,0
EMA00081105317200,1,0.6,1,Monterrey,2,30,1,9,2
EMA00081105337440,2,0.4,1,Veracruz,2,34,2,6,0
EMA00081105479840,1,0.6,2,Puebla,2,10,2,4,0
EMA00081105539440,1,0.0,1,Ciudad de México,3,42,3,11,0
EMA00081105710490,1,0.8,2,Aguascalientes,2,17,3,6,0
EMA00081105872640,1,1.5,1,San Luis,2,31,2,9,0
EMA00081105910640,2,0.4,1,Tijuana,2,17,2,9,0
EMA00081105948750,2,0.3,2,Puebla,3,50,1,11,6
EMA00081106013230,2,0.1,1,Ciudad de México,3,49,2,4,0
EMA00081106047420,1,0.2,2,Sinaloa,3,57,2,8,0
EMA00081106174130,1,0.0,1,Guadalajara,1,0,2,1,0
EMA00081106331570,2,1.3,1,Puebla,2,1,3,7,0
EMA00081106390000,1,1.5,2,Ciudad de México,2,24,2,11,0
EMA00081106520950,1,0.2,1,Tijuana,3,29,1,24,21
EMA00081106674130,2,2.2,1,Zacatecas,2,15,2,11,0
EMA00081107099030,2,2.0,1,Veracruz,2,10,3,11,0
EMA00081107406720,1,1.9,1,Ciudad de México,2,10,1,4,0
EMA00081107517670,1,0.1,1,Veracruz,3,16,1,5,4
EMA00081107645290,2,0.1,1,Monterrey,3,44,2,14,7
EMA00081107728660,1,1.8,1,San Luis,2,20,3,4,0
EMA00081107767310,1,2.3,1,Monterrey,2,22,1,14,0
EMA00081107769520,1,2.0,1,Guadalajara,2,29,1,11,0
EMA00081107794590,1,0.3,2,Zacatecas,3,53,2,6,0
EMA00081107830260,2,0.3,1,Zacatecas,3,50,1,11,2
EMA00081107832360,1,1.6,1,Monterrey,2,32,2,16,0
EMA00081107921330,1,0.3,2,Ciudad de México,3,32,2,8,0
EMA00081108000600,2,0.1,2,Monterrey,3,8,3,11,2
EMA00081108368530,1,0.9,2,Ciudad de México,2,29,1,11,4
EMA00081108519370,1,0.7,2,Monterrey,2,1,2,11,3
EMA00081108649470,2,0.3,1,Tijuana,2,1,2,6,0
EMA00081108859760,1,2.7,2,Guadalajara,2,17,1,11,2
EMA00081109022400,1,1.8,1,Ciudad de México,2,23,3,6,0
EMA00081109163280,2,0.1,1,Guadalajara,3,14,3,6,0
EMA00081109525860,1,0.8,2,Monterrey,2,40,3,9,1
EMA00081109691750,1,1.8,2,Aguascalientes,2,13,1,4,0
EMA00081109763900,1,2.7,2,Monterrey,2,28,2,9,1
EMA00081109841380,1,0.9,1,Monterrey,2,37,2,6,0
EMA00081109849480,2,0.5,1,Puebla,2,35,2,21,19
EMA00081109930440,2,0.0,1,Puebla,3,33,1,26,19
EMA00081110032530,1,0.0,2,Guadalajara,3,41,2,16,10
EMA00081110067560,2,0.1,1,Ciudad de México,3,9,1,5,0
EMA00081110175010,1,1.5,1,Aguascalientes,2,35,2,21,5
EMA00081110317990,1,0.0,2,Sinaloa,3,1,2,7,0
EMA00081110417570,1,0.1,1,Ciudad de México,3,49,2,18,13
EMA00081110434960,1,0.8,1,Puebla,2,42,2,16,3
EMA00081110444220,2,0.9,1,Zacatecas,2,27,2,8,0
EMA00081110470860,2,0.1,2,Veracruz,3,8,1,6,0
EMA00081110557010,2,0.3,1,Aguascalientes,3,32,3,3,0
EMA00081110699890,2,1.3,1,Puebla,2,19,2,14,6
EMA00081110705610,1,1.0,1,Ciudad de México,2,39,1,14,0
EMA00081110716120,2,0.0,2,Aguascalientes,3,16,3,4,0
EMA00081110784710,1,1.5,2,Aguascalientes,2,22,1,6,4
EMA00081110794850,2,0.1,1,Sinaloa,3,41,2,9,0
EMA00081110902650,1,1.9,1,Zacatecas,2,18,1,11,0
EMA00081111076340,1,1.4,2,Guadalajara,2,26,2,6,0
EMA00081111257880,1,0.1,1,San Luis,3,30,2,14,0
EMA00081111308990,1,1.6,2,San Luis,2,28,2,9,0
EMA00081111367790,1,1.0,2,Monterrey,2,1,2,21,9
EMA00081111419420,1,0.2,1,Ciudad de México,3,60,2,3,0
EMA00081111768060,1,0.9,2,Zacatecas,2,35,2,14,0
EMA00081111863330,1,0.9,1,Guadalajara,2,22,2,11,5
EMA00081112109970,2,2.3,1,Sinaloa,2,13,2,8,0
EMA00081112145210,1,1.8,1,Sinaloa,2,29,2,14,-1
EMA00081112167830,1,1.5,1,Sinaloa,2,29,2,6,0
EMA00081112427080,1,0.1,1,Monterrey,2,1,2,8,6
EMA00081112659040,2,3.7,1,Sinaloa,2,8,2,9,0
EMA00081112822790,1,0.9,1,Veracruz,2,26,1,11,-1
EMA00081112857440,1,3.0,2,Veracruz,2,22,3,21,3
EMA00081113081850,1,0.8,2,Guadalajara,2,8,3,8,0
EMA00081113083940,1,1.0,2,Sinaloa,2,18,1,14,0
EMA00081113203140,2,0.1,2,Zacatecas,3,40,1,16,9
EMA00081113361240,2,0.5,1,Zacatecas,2,20,3,2,0
EMA00081113389360,1,2.3,2,Guadalajara,2,30,3,11,9
EMA00081113586140,1,2.8,2,Sinaloa,2,17,3,3,0
EMA00081113786940,2,0.2,2,Zacatecas,3,10,2,4,0
EMA00081113795170,1,0.1,1,Monterrey,3,48,2,11,2
EMA00081113821580,1,0.7,2,San Luis,2,1,2,21,6
EMA00081113918820,1,3.7,2,Sinaloa,2,1,2,14,0
EMA00081114103660,1,1.7,2,Monterrey,2,28,2,9,0
EMA00081114138660,2,0.2,1,Sinaloa,3,47,2,4,2
EMA00081114149240,1,0.7,1,Puebla,2,24,2,6,0
EMA00081114326740,1,1.9,2,Sinaloa,2,25,2,11,1
EMA00081114359730,1,0.2,2,Zacatecas,2,40,2,12,0
EMA00081114448840,1,0.5,2,Tijuana,2,30,3,28,25
EMA00081114736230,2,2.1,1,Veracruz,2,1,1,8,0
EMA00081114998000,2,0.1,1,San Luis,2,29,2,11,0
EMA00081115094820,2,0.7,1,Sinaloa,2,31,2,5,0
EMA00081115141080,1,0.3,1,Guadalajara,2,32,2,31,17
EMA00081115174680,1,1.3,2,San Luis,2,18,3,-1,0
EMA00081115224610,2,0.9,1,Ciudad de México,2,23,2,8,0
EMA00081115428400,1,0.0,1,Aguascalientes,3,62,2,11,0
EMA00081115474140,1,0.6,2,Zacatecas,2,30,1,29,22
EMA00081115513590,1,0.5,1,Puebla,2,25,2,6,4
EMA00081115514950,1,1.3,1,Zacatecas,2,20,3,6,0
EMA00081115770700,1,3.2,1,Tijuana,2,19,2,21,11
EMA00081115830670,1,3.1,1,Puebla,2,22,3,21,-1
EMA00081115846540,1,0.5,2,Veracruz,2,1,2,11,2
EMA00081116059090,2,1.1,1,Puebla,2,41,1,4,0
EMA00081116141860,1,1.9,1,San Luis,2,32,2,6,1
EMA00081116310250,2,0.1,2,San Luis,3,1,1,11,10
EMA00081116464740,1,0.2,2,Puebla,3,34,1,16,0
EMA00081116476910,1,3.3,2,Ciudad de México,2,26,2,21,8
EMA00081116599890,1,1.8,1,Tijuana,2,22,3,6,3
EMA00081116712320,2,3.6,1,Veracruz,2,14,1,8,0
EMA00081116935560,2,0.2,2,Aguascalientes,3,24,2,6,0
EMA00081116944080,1,2.7,1,Veracruz,2,12,2,16,5
EMA00081116992610,2,1.4,1,Aguascalientes,2,38,2,11,8
EMA00081117009780,2,3.4,1,Ciudad de México,2,11,1,4,0
EMA00081117012160,2,1.9,1,Veracruz,2,22,3,14,0
EMA00081117264040,1,1.4,1,Zacatecas,2,38,2,-1,0
EMA00081117290470,1,0.0,1,San Luis,3,38,1,11,0
EMA00081117314120,2,0.2,1,Monterrey,3,38,2,3,0
EMA00081117606590,1,1.5,2,Aguascalientes,2,20,2,16,1
EMA00081117636700,1,1.8,1,Monterrey,2,24,2,8,7
EMA00081117857110,2,2.0,1,Guadalajara,2,1,3,4,0
EMA00081117945580,1,0.6,1,Veracruz,2,30,3,8,0
EMA00081118088650,2,0.4,1,Zacatecas,2,34,2,14,11
EMA00081118184930,1,2.6,1,Ciudad de México,2,15,1,8,0
EMA00081118466090,1,0.7,2,Sinaloa,2,1,2,24,17
EMA00081118507920,1,1.5,2,San Luis,2,24,1,7,0
EMA00081118575450,1,2.0,2,Zacatecas,2,22,2,11,1
EMA00081118577840,1,3.1,2,San Luis,2,21,1,16,5
EMA00081118683580,1,1.3,2,Monterrey,2,18,2,21,18
EMA00081118774540,1,0.6,1,Aguascalientes,2,48,1,11,0
EMA00081118777270,1,0.2,1,Monterrey,3,1,2,8,6
EMA00081119007940,2,1.1,1,Ciudad de México,2,20,3,14,0
EMA00081119148400,2,0.1,1,Zacatecas,3,44,2,11,2
EMA00081119360560,2,1.5,1,Zacatecas,2,33,1,11,10
EMA00081119431960,1,3.4,2,Tijuana,2,21,2,6,0
EMA00081119434780,1,0.0,1,Veracruz,3,31,1,6,0
EMA00081119722650,1,0.8,1,San Luis,2,1,1,8,0
EMA00081119809320,1,1.3,1,San Luis,2,34,2,9,0
EMA00081119863260,2,0.0,1,Zacatecas,3,40,2,8,3
EMA00081119998150,1,1.7,1,Ciudad de México,2,21,1,11,7
EMA00081120134870,1,0.6,1,Aguascalientes,2,43,2,6,0
EMA00081120276070,1,1.8,2,Sinaloa,2,1,2,14,0
EMA00081120298600,2,1.4,1,Puebla,2,1,2,11,0
EMA00081120442370,1,2.1,2,Tijuana,2,10,3,4,1
EMA00081120475330,1,0.1,1,Tijuana,2,42,3,11,5
EMA00081120569250,1,3.3,2,Veracruz,2,15,2,6,0
EMA00081120959870,1,3.1,2,Sinaloa,2,16,3,16,4
EMA00081120972200,1,0.2,2,Monterrey,3,52,3,16,7
EMA00081121015600,1,0.8,1,Monterrey,2,22,2,21,-1
EMA00081121338830,1,0.9,1,Ciudad de México,2,1,3,8,0
EMA00081121623550,1,0.0,2,Ciudad de México,3,27,2,7,0
EMA00081121666900,2,1.0,1,Aguascalientes,2,18,2,11,4
EMA00081121682190,2,0.2,2,San Luis,3,25,3,4,0
EMA00081121920150,2,1.5,1,Guadalajara,2,1,1,2,0
EMA00081122269160,1,2.1,1,Monterrey,2,1,2,11,3
EMA00081122333900,1,0.0,2,Monterrey,2,1,1,29,16
EMA00081122338250,1,0.0,1,San Luis,3,19,2,13,0
EMA00081122350560,2,0.4,1,Monterrey,2,20,1,4,0
EMA00081122754500,1,1.6,2,Zacatecas,2,19,2,2,0
EMA00081122959190,1,2.2,2,Sinaloa,2,16,2,26,7
EMA00081123198030,1,3.0,1,Sinaloa,2,16,1,8,0
EMA00081123210270,1,0.7,2,San Luis,2,8,3,6,0
EMA00081123239770,1,2.1,1,Zacatecas,2,7,2,6,0
EMA00081123378860,1,0.8,2,Sinaloa,2,31,3,8,0
EMA00081123385290,1,0.3,2,Veracruz,3,40,2,11,1
EMA00081123463740,1,0.6,2,Monterrey,2,38,2,11,0
EMA00081124193820,1,3.1,1,San Luis,2,16,2,14,8
EMA00081124411170,2,0.1,1,Veracruz,3,19,2,4,0
EMA00081124665780,2,1.0,1,Aguascalientes,2,1,3,6,0
EMA00081124842170,2,2.2,1,San Luis,2,12,2,6,-1
EMA00081124933540,1,0.1,1,Ciudad de México,3,29,3,21,19
EMA00081125089640,1,1.3,1,Zacatecas,2,23,1,26,-1
EMA00081125262140,2,0.1,2,Zacatecas,3,31,2,8,1
EMA00081125380550,2,0.3,1,Zacatecas,3,44,2,16,13
EMA00081125455250,1,3.0,2,Veracruz,2,21,2,9,1
EMA00081125493260,1,0.2,1,Monterrey,1,0,2,1,0
EMA00081125794210,1,0.1,2,Tijuana,3,33,3,6,1
EMA00081126060320,1,1.0,2,Zacatecas,2,33,2,4,0
EMA00081126372250,1,0.6,1,Zacatecas,2,20,2,3,0
EMA00081126417860,2,0.9,1,Sinaloa,2,33,2,11,7
EMA00081126464220,1,0.3,1,Zacatecas,2,50,3,11,0
EMA00081126880280,2,0.7,1,Ciudad de México,2,10,3,3,0
EMA00081126893640,1,2.1,2,Sinaloa,2,15,1,-1,3
EMA00081127293430,1,0.3,1,Puebla,3,32,3,16,10
EMA00081127733700,1,0.1,1,Puebla,3,37,2,7,0
EMA00081127772280,1,0.7,1,Zacatecas,2,25,1,16,13
EMA00081128129450,1,3.6,1,Monterrey,2,1,2,6,0
EMA00081128238040,1,1.0,2,San Luis,2,32,1,6,2
EMA00081128284920,2,0.9,1,Zacatecas,2,21,2,11,0
EMA00081128469760,1,0.1,1,Monterrey,3,42,2,8,0
EMA00081128490240,1,0.5,2,Sinaloa,2,30,2,13,3
EMA00081128641250,1,1.2,2,Zacatecas,2,38,3,6,0
EMA00081128739060,1,2.1,2,Monterrey,2,23,1,21,18
EMA00081128856410,1,0.0,1,San Luis,3,19,2,11,6
EMA00081129212470,2,0.6,1,Zacatecas,2,1,2,7,0
EMA00081129432250,1,2.2,1,Aguascalientes,2,35,3,9,0
EMA00081129826910,2,0.2,2,Puebla,3,47,2,11,0
EMA00081129842320,1,1.5,1,Veracruz,2,27,2,9,0
EMA00081129970130,2,3.5,1,Aguascalientes,2,20,1,11,8
EMA00081130053580,1,0.2,1,Aguascalientes,2,31,2,2,0
EMA00081130066680,1,2.4,2,Monterrey,2,21,2,9,1
EMA00081130298750,2,2.7,1,Puebla,2,1,2,4,2
EMA00081130397920,2,0.3,2,Ciudad de México,3,19,2,-1,0
EMA00081130525240,1,0.8,2,Sinaloa,2,33,2,31,30
EMA00081130606580,1,1.3,2,Monterrey,2,29,1,11,0
EMA00081130666640,1,0.1,2,San Luis,3,45,2,11,10
EMA00081131135980,1,2.3,2,Puebla,2,24,3,6,0
EMA00081131384180,2,2.6,1,Monterrey,2,1,2,2,0
EMA00081131420150,1,1.7,2,Guadalajara,2,21,2,4,0
EMA00081131536080,2,0.1,2,Tijuana,3,34,2,5,1
EMA00081131849880,1,0.3,1,Monterrey,2,26,3,4,0
EMA00081131900540,1,1.5,2,Ciudad de México,2,40,1,5,0
EMA00081131972180,1,2.2,2,Aguascalientes,2,28,2,16,12
EMA00081131988850,1,0.2,2,Guadalajara,3,40,2,14,2
EMA00081132137660,2,0.2,1,Aguascalientes,2,47,2,5,0
EMA00081132137910,1,1.9,2,Aguascalientes,2,19,3,6,0
EMA00081132288370,2,0.1,2,Ciudad de México,1,0,2,1,0
EMA00081132438440,1,2.1,2,San Luis,2,18,2,6,3
